"V1","V2","V3","V4","V5","V6","V7","V8","V9","V10","V11","V12","V13","V14","V15","V16","V17","V18","V19","V20","V21","V22","V23","V24","V25","V26","V27","V28","V29","V30","V31","V32","V33","V34","V35","V36","V37","V38","V39","V40","V41","V42"
0,1,1,2,0,0,0,0,0,0,0,0,0,0,0,0,0,0,0,0,0,0,1,1,0,0,1,1,1,0,0,255,1,0,1,1,0,0,0,1,1,1
6,1,15,5,0,15,0,0,0,0,0,0,0,0,0,0,0,0,0,0,0,0,1,1,0,0,0,0,1,0,0,4,1,0.25,1,0.25,0,0,0,0.75,0,-1
0,2,19,5,8,0,0,0,0,0,0,0,0,0,0,0,0,0,0,0,0,0,1,1,0,0,0,0,1,0,0,1,255,1,0,1,0.5,0,0,0,0,-1
0,2,19,5,8,0,0,0,0,0,0,0,0,0,0,0,0,0,0,0,0,0,1,7,0,0,0,0,1,0,1,2,255,1,0,1,0.5,0,0,0,0,-1
22316,1,1,1,1,0,0,0,0,0,0,0,0,0,0,0,0,0,0,0,0,0,2,2,0,0,1,1,1,0,0,255,2,0.01,0.73,1,0,0,0,1,1,1
0,1,23,1,0,0,0,0,0,0,0,0,0,0,0,0,0,0,0,0,0,0,1,1,0,0,1,1,1,0,0,255,1,0,1,1,0,0,0,0.99,1,1
0,1,1,2,0,0,0,0,0,0,0,0,0,0,0,0,0,0,0,0,0,0,2,1,0,0,1,1,0.5,1,0,255,1,0,1,1,0,0,0,1,1,1
0,2,19,5,8,0,0,0,0,0,0,0,0,0,0,0,0,0,0,0,0,0,1,33,0,0,0,0,1,0,1,1,255,1,0,1,0.5,0,0,0,0,-1
0,1,1,1,0,0,0,0,0,0,0,0,0,0,0,0,0,0,0,0,0,0,1,1,0,0,1,1,1,0,0,255,1,0,1,1,0,0,0,1,1,1
0,1,1,7,0,0,0,0,0,0,0,0,0,0,0,0,0,0,0,0,0,0,1,1,0,0,0,0,1,0,0,144,1,0.01,0.67,0.67,0,0.04,0,0.65,0,1
0,2,19,5,8,0,0,0,0,0,0,0,0,0,0,0,0,0,0,0,0,0,1,4,0,0,0,0,1,0,1,2,255,1,0,1,0.5,0,0,0,0,-1
0,1,1,7,0,0,0,0,0,0,0,0,0,0,0,0,0,0,0,0,0,0,1,1,0,0,0,0,1,0,0,204,1,0,0.76,0.76,0,0.03,0,0.63,0,1
0,1,23,1,0,0,0,0,0,0,0,0,0,0,0,0,0,0,0,0,0,0,1,1,0,0,1,1,1,0,0,255,1,0,1,1,0,0,0,1,1,1
0,2,19,5,8,0,0,0,0,0,0,0,0,0,0,0,0,0,0,0,0,0,1,9,0,0,0,0,1,0,1,1,255,1,0,1,0.5,0,0,0,0,-1
0,2,19,5,18,0,0,0,0,0,0,0,0,0,0,0,0,0,0,0,0,0,1,1,0,0,0,0,1,0,0,1,53,1,0,1,1,0,0,0,0,-1
0,2,19,5,18,0,0,0,0,0,0,0,0,0,0,0,0,0,0,0,0,0,1,1,0,0,0,0,1,0,0,1,13,1,0,1,1,0,0,0,0,-1
0,2,19,5,8,0,0,0,0,0,0,0,0,0,0,0,0,0,0,0,0,0,1,8,0,0,0,0,1,0,1,2,255,1,0,1,0.5,0,0,0,0,-1
0,1,1,1,0,0,0,0,0,0,0,0,0,0,0,0,0,0,0,0,0,0,1,1,0,0,1,1,1,0,0,255,1,0,1,1,0,0,0,1,1,1
0,1,1,1,0,0,0,0,0,0,0,0,0,0,0,0,0,0,0,0,0,0,1,1,0,0,1,1,1,0,0,255,1,0,1,1,0,0,0,1,1,1
0,1,20,2,0,0,0,0,0,0,0,0,0,0,0,0,0,0,0,0,0,0,115,1,0,0,1,1,0.01,0.53,0,255,1,0,0.25,0.45,0,0,0,0.87,1,1
0,1,1,1,0,0,0,0,0,0,0,0,0,0,0,0,0,0,0,0,0,0,1,1,0,0,1,1,1,0,0,153,1,0.01,0.37,0.36,0,0,0,0.35,1,1
0,1,1,1,0,0,0,0,0,0,0,0,0,0,0,0,0,0,0,0,0,0,1,1,0,0,1,1,1,0,0,255,1,0,1,1,0,0,0,1,1,1
0,1,23,1,0,0,0,0,0,0,0,0,0,0,0,0,0,0,0,0,0,0,1,1,0,0,1,1,1,0,0,255,1,0,1,1,0,0,0,1,1,1
0,2,19,5,18,0,0,0,0,0,0,0,0,0,0,0,0,0,0,0,0,0,1,1,0,0,0,0,1,0,0,1,43,1,0,1,1,0,0,0,0,-1
0,2,19,5,8,0,0,0,0,0,0,0,0,0,0,0,0,0,0,0,0,0,1,2,0,0,0,0,1,0,1,1,255,1,0,1,0.5,0,0,0,0,-1
32038,1,1,1,1,0,0,0,0,0,0,0,0,0,0,0,0,0,0,0,0,0,2,2,0,0,1,1,1,0,0,255,2,0.01,0.82,1,0,0,0,1,1,1
0,1,1,2,0,0,0,0,0,0,0,0,0,0,0,0,0,0,0,0,0,0,2,1,0,0,1,1,0.5,1,0,255,1,0,1,1,0,0,0,1,1,1
0,2,19,5,8,0,0,0,0,0,0,0,0,0,0,0,0,0,0,0,0,0,1,30,0,0,0,0,1,0,1,1,255,1,0,1,0.5,0,0,0,0,-1
0,1,23,1,0,0,0,0,0,0,0,0,0,0,0,0,0,0,0,0,0,0,1,1,0,0,1,1,1,0,0,255,1,0,1,1,0,0,0,1,1,1
0,1,23,1,0,0,0,0,0,0,0,0,0,0,0,0,0,0,0,0,0,0,1,1,0,0,1,1,1,0,0,255,1,0,1,1,0,0,0,1,1,1
0,2,19,5,18,0,0,0,0,0,0,0,0,0,0,0,0,0,0,0,0,0,1,1,0,0,0,0,1,0,0,1,51,1,0,1,1,0,0,0,0,-1
0,2,19,5,18,0,0,0,0,0,0,0,0,0,0,0,0,0,0,0,0,0,1,1,0,0,0,0,1,0,0,3,35,1,0,1,0.26,0,0,0,0,-1
0,2,19,5,18,0,0,0,0,0,0,0,0,0,0,0,0,0,0,0,0,0,1,1,0,0,0,0,1,0,0,1,78,1,0,1,1,0,0,0,0,-1
0,2,19,5,8,0,0,0,0,0,0,0,0,0,0,0,0,0,0,0,0,0,1,28,0,0,0,0,1,0,1,2,78,1,0,1,0.5,0,0,0,0,-1
0,2,19,5,8,0,0,0,0,0,0,0,0,0,0,0,0,0,0,0,0,0,1,12,0,0,0,0,1,0,1,1,255,1,0,1,0.5,0,0,0,0,-1
0,1,1,1,0,0,0,0,0,0,0,0,0,0,0,0,0,0,0,0,0,0,1,1,0,0,1,1,1,0,0,255,1,0,1,1,0,0,0,1,1,1
0,2,19,5,8,0,0,0,0,0,0,0,0,0,0,0,0,0,0,0,0,0,1,23,0,0,0,0,1,0,1,1,255,1,0,1,0.5,0,0,0,0,-1
0,2,19,5,8,0,0,0,0,0,0,0,0,0,0,0,0,0,0,0,0,0,1,17,0,0,0,0,1,0,1,1,19,1,0,1,0.53,0,0,0,0,-1
0,2,19,5,8,0,0,0,0,0,0,0,0,0,0,0,0,0,0,0,0,0,1,33,0,0,0,0,1,0,1,1,255,1,0,1,0.5,0,0,0,0,-1
0,1,1,2,0,0,0,0,0,0,0,0,0,0,0,0,0,0,0,0,0,0,2,1,0,0,1,1,0.5,1,0,255,1,0,1,1,0,0,0,1,1,1
0,1,1,4,0,0,0,0,0,0,0,0,0,0,0,0,0,0,0,0,0,0,77,2,0.79,1,0.21,0,0.03,0.38,0,255,2,0.01,0.11,0.3,0,0.24,1,0.06,0,1
0,1,23,1,0,0,0,0,0,0,0,0,0,0,0,0,0,0,0,0,0,0,1,1,0,0,1,1,1,0,0,255,1,0,1,1,0,0,0,1,1,1
0,2,19,5,8,0,0,0,0,0,0,0,0,0,0,0,0,0,0,0,0,0,1,4,0,0,0,0,1,0,1,1,255,1,0,1,0.5,0,0,0,0,-1
0,1,1,2,0,0,0,0,0,0,0,0,0,0,0,0,0,0,0,0,0,0,1,1,0,0,1,1,1,0,0,69,1,0.01,1,0.01,0,0,0,0.94,1,-1
0,1,1,2,0,0,0,0,0,0,0,0,0,0,0,0,0,0,0,0,0,0,2,1,0,0,1,1,0.5,1,0,255,1,0,1,1,0,0,0,1,1,1
1,1,1,1,0,0,0,0,0,0,0,0,0,0,0,0,0,0,0,0,0,0,8,2,0,0,1,1,0.25,0.5,0,178,2,0.01,0.04,0.04,0,0.01,0,0.32,1,1
0,1,23,1,0,0,0,0,0,0,0,0,0,0,0,0,0,0,0,0,0,0,1,1,0,0,1,1,1,0,0,255,1,0,1,1,0,0,0,1,1,1
0,1,1,2,0,0,0,0,0,0,0,0,0,0,0,0,0,0,0,0,0,0,2,1,0,0,1,1,0.5,1,0,255,1,0,1,1,0,0,0,1,1,1
0,1,1,1,0,0,0,0,0,0,0,0,0,0,0,0,0,0,0,0,0,0,1,1,0,0,1,1,1,0,0,255,1,0,1,1,0,0,0,1,1,1
0,1,1,2,0,0,0,0,0,0,0,0,0,0,0,0,0,0,0,0,0,0,2,1,0,0,1,1,0.5,1,0,255,1,0,1,1,0,0,0,1,1,1
0,2,19,5,8,0,0,0,0,0,0,0,0,0,0,0,0,0,0,0,0,0,1,11,0,0,0,0,1,0,1,2,255,1,0,1,0.5,0,0,0,0,-1
0,2,19,5,8,0,0,0,0,0,0,0,0,0,0,0,0,0,0,0,0,0,1,19,0,0,0,0,1,0,1,2,128,1,0,1,0.5,0,0,0,0,-1
0,1,1,2,0,0,0,0,0,0,0,0,0,0,0,0,0,0,0,0,0,0,2,1,0,0,1,1,0.5,1,0,255,1,0,1,1,0,0,0,1,1,1
0,2,19,5,8,0,0,0,0,0,0,0,0,0,0,0,0,0,0,0,0,0,1,46,0,0,0,0,1,0,1,1,255,1,0,1,0.5,0,0,0,0,-1
0,2,19,5,18,0,0,0,0,0,0,0,0,0,0,0,0,0,0,0,0,0,1,1,0,0,0,0,1,0,0,2,26,1,0,1,0.27,0,0,0,0,-1
0,1,1,2,0,0,0,0,0,0,0,0,0,0,0,0,0,0,0,0,0,0,1,1,0,0,1,1,1,0,0,255,1,0,1,1,0,0,0,1,1,1
0,2,19,5,18,0,0,0,0,0,0,0,0,0,0,0,0,0,0,0,0,0,1,1,0,0,0,0,1,0,0,1,31,1,0,1,1,0,0,0,0,-1
0,2,19,5,8,0,0,0,0,0,0,0,0,0,0,0,0,0,0,0,0,0,1,33,0,0,0,0,1,0,1,1,3,1,0,1,0.67,0,0,0,0,-1
0,2,19,5,8,0,0,0,0,0,0,0,0,0,0,0,0,0,0,0,0,0,1,38,0,0,0,0,1,0,1,1,147,1,0,1,0.5,0,0,0,0,-1
27,1,1,1,0,0,0,0,0,0,0,0,0,0,0,0,0,0,0,0,0,0,1,1,0,0,1,1,1,0,0,255,1,0,1,1,0,0,0,1,1,1
0,2,19,5,8,0,0,0,0,0,0,0,0,0,0,0,0,0,0,0,0,0,1,40,0,0,0,0,1,0,1,1,255,1,0,1,0.5,0,0,0,0,-1
0,1,1,1,0,0,0,0,0,0,0,0,0,0,0,0,0,0,0,0,0,0,1,1,0,0,1,1,1,0,0,255,1,0,1,1,0,0,0,1,1,1
0,2,19,5,18,0,0,0,0,0,0,0,0,0,0,0,0,0,0,0,0,0,1,1,0,0,0,0,1,0,0,1,254,1,0,1,1,0,0,0,0,-1
0,1,1,1,0,0,0,0,0,0,0,0,0,0,0,0,0,0,0,0,0,0,1,1,0,0,1,1,1,0,0,255,1,0,1,1,0,0,0,1,1,1
0,2,19,5,8,0,0,0,0,0,0,0,0,0,0,0,0,0,0,0,0,0,1,36,0,0,0,0,1,0,1,1,255,1,0,1,0.5,0,0,0,0,-1
0,2,19,5,8,0,0,0,0,0,0,0,0,0,0,0,0,0,0,0,0,0,1,14,0,0,0,0,1,0,1,2,212,1,0,1,0.5,0,0,0,0,-1
0,2,19,5,8,0,0,0,0,0,0,0,0,0,0,0,0,0,0,0,0,0,1,11,0,0,0,0,1,0,1,1,255,1,0,1,0.5,0,0,0,0,-1
0,2,19,5,8,0,0,0,0,0,0,0,0,0,0,0,0,0,0,0,0,0,1,9,0,0,0,0,1,0,1,1,255,1,0,1,0.5,0,0,0,0,-1
0,2,19,5,18,0,0,0,0,0,0,0,0,0,0,0,0,0,0,0,0,0,1,1,0,0,0,0,1,0,0,1,41,1,0,1,1,0,0,0,0,-1
0,2,19,5,18,0,0,0,0,0,0,0,0,0,0,0,0,0,0,0,0,0,1,1,0,0,0,0,1,0,0,1,73,1,0,1,1,0,0,0,0,-1
0,1,23,1,0,0,0,0,0,0,0,0,0,0,0,0,0,0,0,0,0,0,1,1,0,0,1,1,1,0,0,255,1,0,1,1,0,0,0,0.99,1,1
0,2,19,5,18,0,0,0,0,0,0,0,0,0,0,0,0,0,0,0,0,0,1,1,0,0,0,0,1,0,0,4,8,1,0,1,0.25,0,0,0,0,-1
0,1,1,1,0,0,0,0,0,0,0,0,0,0,0,0,0,0,0,0,0,0,1,1,0,0,1,1,1,0,0,255,1,0,0.51,1,0,0,0,1,1,1
0,1,23,1,0,0,0,0,0,0,0,0,0,0,0,0,0,0,0,0,0,0,1,1,0,0,1,1,1,0,0,255,1,0,1,1,0,0,0,1,1,1
0,2,19,5,8,0,0,0,0,0,0,0,0,0,0,0,0,0,0,0,0,0,1,33,0,0,0,0,1,0,1,1,87,1,0,1,0.51,0,0,0,0,-1
0,2,19,5,18,0,0,0,0,0,0,0,0,0,0,0,0,0,0,0,0,0,1,1,0,0,0,0,1,0,0,1,63,1,0,1,1,0,0,0,0,-1
0,1,1,1,0,0,0,0,0,0,0,0,0,0,0,0,0,0,0,0,0,0,1,1,0,0,1,1,1,0,0,255,1,0,1,1,0,0,0,1,1,1
0,1,9,2,0,0,0,0,0,0,0,0,0,0,0,0,0,0,0,0,0,0,1,1,0,0,1,1,1,0,0,1,77,1,0,1,0.04,0,0,1,0.03,-1
0,2,19,5,8,0,0,0,0,0,0,0,0,0,0,0,0,0,0,0,0,0,1,3,0,0,0,0,1,0,1,1,255,1,0,1,0.5,0,0,0,0,-1
13141,1,23,1,1,0,0,0,0,0,0,0,0,0,0,0,0,0,0,0,0,0,2,2,0,0,1,1,1,0,0,255,2,0.01,0.68,1,0,0,0,1,1,1
0,2,19,5,8,0,0,0,0,0,0,0,0,0,0,0,0,0,0,0,0,0,1,18,0,0,0,0,1,0,1,1,255,1,0,1,0.5,0,0,0,0,-1
0,1,23,1,0,0,0,0,0,0,0,0,0,0,0,0,0,0,0,0,0,0,1,1,0,0,1,1,1,0,0,255,1,0,0.73,1,0,0,0,1,1,1
0,2,19,5,8,0,0,0,0,0,0,0,0,0,0,0,0,0,0,0,0,0,1,12,0,0,0,0,1,0,1,1,255,1,0,1,0.5,0,0,0,0,-1
0,1,1,1,0,0,0,0,0,0,0,0,0,0,0,0,0,0,0,0,0,0,1,1,0,0,1,1,1,0,0,255,1,0,1,1,0,0,0,1,1,1
0,1,24,1,0,0,0,0,0,0,0,0,0,0,0,0,0,0,0,0,0,0,1,1,0,0,1,1,1,0,0,113,1,0.01,0.17,0.13,0,0,0,0.12,1,1
0,2,19,5,18,0,0,0,0,0,0,0,0,0,0,0,0,0,0,0,0,0,1,1,0,0,0,0,1,0,0,1,66,1,0,1,1,0,0,0,0,-1
0,2,19,5,18,0,0,0,0,0,0,0,0,0,0,0,0,0,0,0,0,0,1,1,0,0,0,0,1,0,0,1,42,1,0,1,1,0,0,0,0,-1
13033,1,23,1,1,0,0,0,0,0,0,0,0,0,0,0,0,0,0,0,0,0,2,2,0,0,1,1,1,0,0,255,2,0.01,0.68,1,0,0,0,1,1,1
0,1,23,1,0,0,0,0,0,0,0,0,0,0,0,0,0,0,0,0,0,0,1,1,0,0,1,1,1,0,0,255,1,0,0.63,1,0,0,0,1,1,1
0,2,19,5,8,0,0,0,0,0,0,0,0,0,0,0,0,0,0,0,0,0,1,38,0,0,0,0,1,0,1,1,255,1,0,1,0.5,0,0,0,0,-1
0,1,1,2,0,0,0,0,0,0,0,0,0,0,0,0,0,0,0,0,0,0,1,1,0,0,1,1,1,0,0,44,1,0.02,1,0.02,0,0,0,0.91,1,-1
0,2,19,5,8,0,0,0,0,0,0,0,0,0,0,0,0,0,0,0,0,0,1,5,0,0,0,0,1,0,1,2,12,1,0,1,0.5,0,0,0,0,-1
0,2,19,5,18,0,0,0,0,0,0,0,0,0,0,0,0,0,0,0,0,0,1,1,0,0,0,0,1,0,0,1,254,1,0,1,1,0,0,0,0,-1
0,2,19,5,8,0,0,0,0,0,0,0,0,0,0,0,0,0,0,0,0,0,1,5,0,0,0,0,1,0,1,2,28,1,0,1,0.5,0,0,0,0,-1
0,1,1,2,0,0,0,0,0,0,0,0,0,0,0,0,0,0,0,0,0,0,2,1,0,0,1,1,0.5,1,0,255,1,0,1,1,0,0,0,1,1,1
0,1,1,1,0,0,0,0,0,0,0,0,0,0,0,0,0,0,0,0,0,0,1,1,0,0,1,1,1,0,0,255,1,0,1,1,0,0,0,1,1,1
0,1,1,1,0,0,0,0,0,0,0,0,0,0,0,0,0,0,0,0,0,0,1,1,0,0,1,1,1,0,0,255,1,0,1,1,0,0,0,1,1,1
31194,1,1,1,1,0,0,0,0,0,0,0,0,0,0,0,0,0,0,0,0,0,2,2,0,0,1,1,1,0,0,255,2,0.01,0.8,1,0,0,0,1,1,1
0,2,19,5,18,0,0,0,0,0,0,0,0,0,0,0,0,0,0,0,0,0,1,1,0,0,0,0,1,0,0,2,62,1,0,1,0.26,0,0,0,0,-1
0,1,23,1,0,0,0,0,0,0,0,0,0,0,0,0,0,0,0,0,0,0,1,1,0,0,1,1,1,0,0,255,1,0,0.64,1,0,0,0,1,1,1
0,2,19,5,18,0,0,0,0,0,0,0,0,0,0,0,0,0,0,0,0,0,1,1,0,0,0,0,1,0,0,1,3,1,0,1,1,0,0,0,0,-1
0,2,19,5,8,0,0,0,0,0,0,0,0,0,0,0,0,0,0,0,0,0,1,37,0,0,0,0,1,0,1,1,255,1,0,1,0.5,0,0,0,0,-1
0,2,19,5,8,0,0,0,0,0,0,0,0,0,0,0,0,0,0,0,0,0,1,8,0,0,0,0,1,0,1,1,255,1,0,1,0.5,0,0,0,0,-1
0,2,19,5,8,0,0,0,0,0,0,0,0,0,0,0,0,0,0,0,0,0,1,7,0,0,0,0,1,0,1,1,255,1,0,1,0.5,0,0,0,0,-1
0,2,19,5,18,0,0,0,0,0,0,0,0,0,0,0,0,0,0,0,0,0,1,1,0,0,0,0,1,0,0,1,254,1,0,1,1,0,0,0,0,-1
0,2,19,5,18,0,0,0,0,0,0,0,0,0,0,0,0,0,0,0,0,0,1,1,0,0,0,0,1,0,0,1,254,1,0,1,1,0,0,0,0,-1
0,2,19,5,18,0,0,0,0,0,0,0,0,0,0,0,0,0,0,0,0,0,1,1,0,0,0,0,1,0,0,1,255,1,0,1,1,0,0,0,0,-1
0,2,19,5,18,0,0,0,0,0,0,0,0,0,0,0,0,0,0,0,0,0,1,1,0,0,0,0,1,0,0,1,254,1,0,1,1,0,0,0,0,-1
40806,1,1,1,1,0,0,0,0,0,0,0,0,0,0,0,0,0,0,0,0,0,2,2,0,0,1,1,1,0,0,255,2,0.01,0.36,0.7,0,0,0,0.7,1,1
0,2,19,5,8,0,0,0,0,0,0,0,0,0,0,0,0,0,0,0,0,0,1,4,0,0,0,0,1,0,1,1,255,1,0,1,0.5,0,0,0,0,-1
0,1,1,1,0,0,0,0,0,0,0,0,0,0,0,0,0,0,0,0,0,0,1,1,0,0,1,1,1,0,0,255,1,0,0.51,1,0,0,0,1,1,1
0,2,19,5,8,0,0,0,0,0,0,0,0,0,0,0,0,0,0,0,0,0,1,7,0,0,0,0,1,0,1,1,255,1,0,1,0.5,0,0,0,0,-1
0,2,19,5,18,0,0,0,0,0,0,0,0,0,0,0,0,0,0,0,0,0,1,1,0,0,0,0,1,0,0,1,44,1,0,1,1,0,0,0,0,-1
0,2,19,5,8,0,0,0,0,0,0,0,0,0,0,0,0,0,0,0,0,0,1,51,0,0,0,0,1,0,1,1,119,1,0,1,0.5,0,0,0,0,-1
0,2,19,5,8,0,0,0,0,0,0,0,0,0,0,0,0,0,0,0,0,0,1,1,0,0,0,0,1,0,0,1,255,1,0,1,0.5,0,0,0,0,-1
0,1,1,1,0,0,0,0,0,0,0,0,0,0,0,0,0,0,0,0,0,0,1,1,0,0,1,1,1,0,0,255,1,0,1,1,0,0,0,1,1,1
0,1,1,1,0,0,0,0,0,0,0,0,0,0,0,0,0,0,0,0,0,0,1,1,0,0,1,1,1,0,0,255,1,0,1,1,0,0,0,1,1,1
0,1,1,1,0,0,0,0,0,0,0,0,0,0,0,0,0,0,0,0,0,0,1,1,0,0,1,1,1,0,0,255,1,0,1,1,0,0,0,1,1,1
0,1,1,1,0,0,0,0,0,0,0,0,0,0,0,0,0,0,0,0,0,0,1,1,0,0,1,1,1,0,0,255,1,0,0.76,0.76,0,0,0,0.76,1,1
0,1,1,1,0,0,0,0,0,0,0,0,0,0,0,0,0,0,0,0,0,0,1,1,0,0,1,1,1,0,0,255,1,0,1,1,0,0,0,1,1,1
0,1,1,2,0,0,0,0,0,0,0,0,0,0,0,0,0,0,0,0,0,0,2,1,0,0,1,1,0.5,1,0,255,1,0,1,1,0,0,0,1,1,1
0,1,23,1,0,0,0,0,0,0,0,0,0,0,0,0,0,0,0,0,0,0,1,1,0,0,1,1,1,0,0,255,1,0,1,1,0,0,0,1,1,1
0,1,23,1,0,0,0,0,0,0,0,0,0,0,0,0,0,0,0,0,0,0,1,1,0,0,1,1,1,0,0,255,1,0,1,1,0,0,0,1,1,1
0,1,1,1,0,0,0,0,0,0,0,0,0,0,0,0,0,0,0,0,0,0,1,1,0,0,1,1,1,0,0,255,1,0,0.69,1,0,0,0,1,1,1
0,2,19,5,8,0,0,0,0,0,0,0,0,0,0,0,0,0,0,0,0,0,1,49,0,0,0,0,1,0,1,2,255,1,0,1,0.5,0,0,0,0,-1
0,1,1,2,0,0,0,0,0,0,0,0,0,0,0,0,0,0,0,0,0,0,1,1,0,0,1,1,1,0,0,255,1,0,1,1,0,0,0,1,1,1
0,2,19,5,8,0,0,0,0,0,0,0,0,0,0,0,0,0,0,0,0,0,1,51,0,0,0,0,1,0,1,1,255,1,0,1,0.5,0,0,0,0,-1
0,2,19,5,8,0,0,0,0,0,0,0,0,0,0,0,0,0,0,0,0,0,1,16,0,0,0,0,1,0,1,1,255,1,0,1,0.5,0,0,0,0,-1
0,2,19,5,8,0,0,0,0,0,0,0,0,0,0,0,0,0,0,0,0,0,1,16,0,0,0,0,1,0,1,1,255,1,0,1,0.5,0,0,0,0,-1
0,1,1,1,0,0,0,0,0,0,0,0,0,0,0,0,0,0,0,0,0,0,1,1,0,0,1,1,1,0,0,255,1,0,0.5,1,0,0,0,1,1,1
0,1,1,2,0,0,0,0,0,0,0,0,0,0,0,0,0,0,0,0,0,0,2,1,0,0,1,1,0.5,1,0,255,1,0,0.67,0.65,0,0,0,0.65,1,1
0,2,19,5,18,0,0,0,0,0,0,0,0,0,0,0,0,0,0,0,0,0,1,1,0,0,0,0,1,0,0,3,135,1,0,1,0.25,0,0,0,0,-1
0,2,19,5,8,0,0,0,0,0,0,0,0,0,0,0,0,0,0,0,0,0,1,41,0,0,0,0,1,0,1,2,62,1,0,1,0.5,0,0,0,0,-1
0,1,23,1,0,0,0,0,0,0,0,0,0,0,0,0,0,0,0,0,0,0,1,1,0,0,1,1,1,0,0,255,1,0,1,1,0,0,0,1,1,1
0,2,19,5,18,0,0,0,0,0,0,0,0,0,0,0,0,0,0,0,0,0,1,1,0,0,0,0,1,0,0,2,34,1,0,1,0.26,0,0,0,0,-1
0,2,19,5,18,0,0,0,0,0,0,0,0,0,0,0,0,0,0,0,0,0,1,1,0,0,0,0,1,0,0,1,254,1,0,1,1,0,0,0,0,-1
0,2,19,5,8,0,0,0,0,0,0,0,0,0,0,0,0,0,0,0,0,0,1,49,0,0,0,0,1,0,1,2,12,1,0,1,0.5,0,0,0,0,-1
0,1,1,1,0,0,0,0,0,0,0,0,0,0,0,0,0,0,0,0,0,0,1,1,0,0,1,1,1,0,0,255,1,0,1,1,0,0,0,1,1,1
0,1,22,1,0,0,0,0,0,0,0,0,0,0,0,0,0,0,0,0,0,0,1,1,0,0,1,1,1,0,0,255,1,0,0.44,0.44,0,0,0,0.44,1,1
0,2,19,5,8,0,0,0,0,0,0,0,0,0,0,0,0,0,0,0,0,0,1,35,0,0,0,0,1,0,1,1,59,1,0,1,0.51,0,0,0,0,-1
0,1,1,2,0,0,0,0,0,0,0,0,0,0,0,0,0,0,0,0,0,0,2,1,0,0,1,1,0.5,1,0,255,1,0,1,1,0,0,0,1,1,1
0,2,19,5,8,0,0,0,0,0,0,0,0,0,0,0,0,0,0,0,0,0,1,7,0,0,0,0,1,0,1,1,255,1,0,1,0.5,0,0,0,0,-1
0,1,1,2,0,0,0,0,0,0,0,0,0,0,0,0,0,0,0,0,0,0,2,1,0,0,1,1,0.5,1,0,255,1,0,0.55,0.5,0,0.03,0,0.51,1,1
0,2,19,5,18,0,0,0,0,0,0,0,0,0,0,0,0,0,0,0,0,0,1,2,0,0,0,0,1,0,1,4,255,1,0,1,0.25,0,0,0,0,-1
1,1,1,1,0,0,0,0,0,0,0,0,0,0,0,0,0,0,0,0,0,0,210,2,0,0,1,1,0.01,0.5,0,255,2,0.01,0.51,1,0,0,0,1,1,1
0,2,19,5,8,0,0,0,0,0,0,0,0,0,0,0,0,0,0,0,0,0,1,2,0,0,0,0,1,0,1,1,255,1,0,1,0.5,0,0,0,0,-1
0,1,1,1,0,0,0,0,0,0,0,0,0,0,0,0,0,0,0,0,0,0,1,1,0,0,1,1,1,0,0,255,1,0,0.98,0.98,0,0,0,0.97,1,1
0,1,1,7,0,0,0,0,0,0,0,0,0,0,0,0,0,0,0,0,0,0,1,1,0,0,0,0,1,0,0,255,1,0,1,1,0,0,0,1,0,1
0,2,19,5,18,0,0,0,0,0,0,0,0,0,0,0,0,0,0,0,0,0,1,1,0,0,0,0,1,0,0,1,42,1,0,1,1,0,0,0,0,-1
0,2,19,5,8,0,0,0,0,0,0,0,0,0,0,0,0,0,0,0,0,0,1,35,0,0,0,0,1,0,1,1,43,1,0,1,0.51,0,0,0,0,-1
0,2,19,5,8,0,0,0,0,0,0,0,0,0,0,0,0,0,0,0,0,0,1,28,0,0,0,0,1,0,1,1,255,1,0,1,0.5,0,0,0,0,-1
0,2,19,5,8,0,0,0,0,0,0,0,0,0,0,0,0,0,0,0,0,0,1,27,0,0,0,0,1,0,1,1,255,1,0,1,0.5,0,0,0,0,-1
0,2,19,5,8,0,0,0,0,0,0,0,0,0,0,0,0,0,0,0,0,0,1,38,0,0,0,0,1,0,1,1,255,1,0,1,0.5,0,0,0,0,-1
2,1,7,6,0,133,0,0,0,0,0,0,0,0,0,0,0,0,0,0,0,0,1,1,0,0,1,1,1,0,0,2,2,0.5,1,0.5,1,0,0,1,1,-1
0,2,19,5,8,0,0,0,0,0,0,0,0,0,0,0,0,0,0,0,0,0,1,29,0,0,0,0,1,0,1,2,255,1,0,1,0.5,0,0,0,0,-1
0,1,1,1,0,0,0,0,0,0,0,0,0,0,0,0,0,0,0,0,0,0,1,1,0,0,1,1,1,0,0,255,1,0,1,1,0,0,0,1,1,1
1,1,1,1,0,0,0,0,0,0,0,0,0,0,0,0,0,0,0,0,0,0,78,2,0,0,1,1,0.03,0.54,0,248,2,0.01,0.17,0.31,0,0.01,0,0.51,1,1
0,2,19,5,8,0,0,0,0,0,0,0,0,0,0,0,0,0,0,0,0,0,1,16,0,0,0,0,1,0,1,1,255,1,0,1,0.5,0,0,0,0,-1
0,2,19,5,8,0,0,0,0,0,0,0,0,0,0,0,0,0,0,0,0,0,1,20,0,0,0,0,1,0,1,1,45,1,0,1,0.51,0,0,0,0,-1
0,1,1,2,0,0,0,0,0,0,0,0,0,0,0,0,0,0,0,0,0,0,68,1,0,0,1,1,0.01,0.54,0,238,1,0,0.16,0.29,0,0.01,0,0.49,1,1
0,2,19,5,8,0,0,0,0,0,0,0,0,0,0,0,0,0,0,0,0,0,1,37,0,0,0,0,1,0,1,1,255,1,0,1,0.5,0,0,0,0,-1
0,2,19,5,8,0,0,0,0,0,0,0,0,0,0,0,0,0,0,0,0,0,1,38,0,0,0,0,1,0,1,2,255,1,0,1,0.5,0,0,0,0,-1
0,2,19,5,18,0,0,0,0,0,0,0,0,0,0,0,0,0,0,0,0,0,1,1,0,0,0,0,1,0,0,4,168,1,0,1,0.25,0,0,0,0,-1
0,2,19,5,8,0,0,0,0,0,0,0,0,0,0,0,0,0,0,0,0,0,1,7,0,0,0,0,1,0,1,1,129,1,0,1,0.51,0,0,0,0,-1
0,2,19,5,18,0,0,0,0,0,0,0,0,0,0,0,0,0,0,0,0,0,1,1,0,0,0,0,1,0,0,2,6,1,0,1,0.33,0,0,0,0,-1
0,2,19,5,18,0,0,0,0,0,0,0,0,0,0,0,0,0,0,0,0,0,1,1,0,0,0,0,1,0,0,1,13,1,0,1,1,0,0,0,0,-1
0,2,19,5,8,0,0,0,0,0,0,0,0,0,0,0,0,0,0,0,0,0,1,19,0,0,0,0,1,0,1,1,86,1,0,1,0.51,0,0,0,0,-1
21223,1,1,1,1,0,0,0,0,0,0,0,0,0,0,0,0,0,0,0,0,0,2,2,0,0,1,1,1,0,0,255,2,0.01,0.65,1,0,0,0,1,1,1
0,1,1,1,0,0,0,0,0,0,0,0,0,0,0,0,0,0,0,0,0,0,1,1,0,0,1,1,1,0,0,255,1,0,0.91,0.91,0,0,0,0.91,1,1
0,1,1,1,0,0,0,0,0,0,0,0,0,0,0,0,0,0,0,0,0,0,1,1,0,0,1,1,1,0,0,255,1,0,1,1,0,0,0,1,1,1
0,2,19,5,18,0,0,0,0,0,0,0,0,0,0,0,0,0,0,0,0,0,1,1,0,0,0,0,1,0,0,1,163,1,0,1,1,0,0,0,0,-1
0,2,19,5,8,0,0,0,0,0,0,0,0,0,0,0,0,0,0,0,0,0,1,11,0,0,0,0,1,0,1,2,40,1,0,1,0.5,0,0,0,0,-1
0,2,19,5,8,0,0,0,0,0,0,0,0,0,0,0,0,0,0,0,0,0,1,24,0,0,0,0,1,0,1,1,255,1,0,1,0.5,0,0,0,0,-1
0,2,19,5,8,0,0,0,0,0,0,0,0,0,0,0,0,0,0,0,0,0,1,8,0,0,0,0,1,0,1,1,255,1,0,1,0.5,0,0,0,0,-1
0,1,1,2,0,0,0,0,0,0,0,0,0,0,0,0,0,0,0,0,0,0,2,1,0,0,1,1,0.5,1,0,255,1,0,1,1,0,0,0,1,1,1
0,1,23,1,0,0,0,0,0,0,0,0,0,0,0,0,0,0,0,0,0,0,1,1,0,0,1,1,1,0,0,255,1,0,1,1,0,0,0,1,1,1
0,1,1,1,0,0,0,0,0,0,0,0,0,0,0,0,0,0,0,0,0,0,1,1,0,0,1,1,1,0,0,255,1,0,0.02,0,0,0,0,0,1,1
0,1,1,1,0,0,0,0,0,0,0,0,0,0,0,0,0,0,0,0,0,0,1,1,0,0,1,1,1,0,0,255,1,0,1,1,0,0,0,1,1,1
0,1,1,1,0,0,0,0,0,0,0,0,0,0,0,0,0,0,0,0,0,0,1,1,0,0,1,1,1,0,0,255,1,0,0.4,0.39,0,0,0,0.39,1,1
0,1,1,1,0,0,0,0,0,0,0,0,0,0,0,0,0,0,0,0,0,0,1,1,0,0,1,1,1,0,0,255,1,0,1,1,0,0,0,0.99,1,1
0,2,19,5,18,0,0,0,0,0,0,0,0,0,0,0,0,0,0,0,0,0,1,1,0,0,0,0,1,0,0,1,58,1,0,1,1,0,0,0,0,-1
0,1,23,1,0,0,0,0,0,0,0,0,0,0,0,0,0,0,0,0,0,0,1,1,0,0,1,1,1,0,0,255,1,0,0.74,1,0,0,0,1,1,1
0,1,1,2,0,0,0,0,0,0,0,0,0,0,0,0,0,0,0,0,0,0,2,1,0,0,1,1,0.5,1,0,255,1,0,0.29,0.26,0,0,0,0.27,1,1
0,1,1,2,0,0,0,0,0,0,0,0,0,0,0,0,0,0,0,0,0,0,2,1,0,0,1,1,0.5,1,0,255,1,0,1,1,0,0,0,1,1,1
0,1,23,1,0,0,0,0,0,0,0,0,0,0,0,0,0,0,0,0,0,0,1,1,0,0,1,1,1,0,0,255,1,0,1,1,0,0,0,1,1,1
0,2,19,5,8,0,0,0,0,0,0,0,0,0,0,0,0,0,0,0,0,0,1,23,0,0,0,0,1,0,1,2,192,1,0,1,0.5,0,0,0,0,-1
0,1,1,1,0,0,0,0,0,0,0,0,0,0,0,0,0,0,0,0,0,0,1,1,0,0,1,1,1,0,0,255,1,0,0.51,1,0,0,0,1,1,1
0,1,1,2,0,0,0,0,0,0,0,0,0,0,0,0,0,0,0,0,0,0,1,1,0,0,1,1,1,0,0,41,2,0.02,1,0.02,1,0,0,0.88,1,-1
0,2,19,5,8,0,0,0,0,0,0,0,0,0,0,0,0,0,0,0,0,0,1,37,0,0,0,0,1,0,1,1,107,1,0,1,0.5,0,0,0,0,-1
0,1,23,1,0,0,0,0,0,0,0,0,0,0,0,0,0,0,0,0,0,0,1,1,0,0,1,1,1,0,0,255,1,0,0.74,1,0,0,0,1,1,1
4,1,26,1,0,0,0,0,0,0,0,0,0,0,0,0,0,0,0,0,0,0,225,2,0,0,1,1,0.01,0.52,0,255,2,0.01,0.46,0.88,0,0,0,0.96,1,1
0,2,19,5,8,0,0,0,0,0,0,0,0,0,0,0,0,0,0,0,0,0,1,10,0,0,0,0,1,0,1,1,255,1,0,1,0.5,0,0,0,0,-1
0,2,19,5,8,0,0,0,0,0,0,0,0,0,0,0,0,0,0,0,0,0,1,47,0,0,0,0,1,0,1,2,82,1,0,1,0.5,0,0,0,0,-1
0,2,19,5,8,0,0,0,0,0,0,0,0,0,0,0,0,0,0,0,0,0,1,4,0,0,0,0,1,0,1,1,255,1,0,1,0.5,0,0,0,0,-1
0,2,19,5,8,0,0,0,0,0,0,0,0,0,0,0,0,0,0,0,0,0,1,24,0,0,0,0,1,0,1,1,255,1,0,1,0.5,0,0,0,0,-1
21561,1,1,1,1,0,0,0,0,0,0,0,0,0,0,0,0,0,0,0,0,0,2,2,0,0,1,1,1,0,0,255,2,0.01,0.71,1,0,0,0,1,1,1
1,1,1,3,0,0,0,0,0,0,0,0,0,0,0,0,0,0,0,0,0,0,157,2,0.69,0.5,0.31,0.5,0.01,0.38,0,255,2,0.01,0.24,0.62,0,0.43,0.5,0.19,0.5,1
0,2,19,5,18,0,0,0,0,0,0,0,0,0,0,0,0,0,0,0,0,0,1,1,0,0,0,0,1,0,0,1,51,1,0,1,1,0,0,0,0,-1
0,2,19,5,8,0,0,0,0,0,0,0,0,0,0,0,0,0,0,0,0,0,1,34,0,0,0,0,1,0,1,1,255,1,0,1,0.5,0,0,0,0,-1
0,2,19,5,8,0,0,0,0,0,0,0,0,0,0,0,0,0,0,0,0,0,1,9,0,0,0,0,1,0,1,1,255,1,0,1,0.5,0,0,0,0,-1
0,2,19,5,8,0,0,0,0,0,0,0,0,0,0,0,0,0,0,0,0,0,1,8,0,0,0,0,1,0,1,1,247,1,0,1,0.5,0,0,0,0,-1
0,2,19,5,8,0,0,0,0,0,0,0,0,0,0,0,0,0,0,0,0,0,1,4,0,0,0,0,1,0,1,2,255,1,0,1,0.5,0,0,0,0,-1
0,2,19,5,18,0,0,0,0,0,0,0,0,0,0,0,0,0,0,0,0,0,1,1,0,0,0,0,1,0,0,1,54,1,0,1,1,0,0,0,0,-1
0,2,19,5,18,0,0,0,0,0,0,0,0,0,0,0,0,0,0,0,0,0,1,1,0,0,0,0,1,0,0,1,255,1,0,1,1,0,0,0,0,-1
0,2,19,5,18,0,0,0,0,0,0,0,0,0,0,0,0,0,0,0,0,0,1,1,0,0,0,0,1,0,0,1,254,1,0,1,1,0,0,0,0,-1
0,2,19,5,8,0,0,0,0,0,0,0,0,0,0,0,0,0,0,0,0,0,1,25,0,0,0,0,1,0,1,1,27,1,0,1,0.52,0,0,0,0,-1
0,2,19,5,8,0,0,0,0,0,0,0,0,0,0,0,0,0,0,0,0,0,1,20,0,0,0,0,1,0,1,1,255,1,0,1,0.5,0,0,0,0,-1
0,1,23,1,0,0,0,0,0,0,0,0,0,0,0,0,0,0,0,0,0,0,1,1,0,0,1,1,1,0,0,255,1,0,1,1,0,0,0,1,1,1
0,2,19,5,8,0,0,0,0,0,0,0,0,0,0,0,0,0,0,0,0,0,1,11,0,0,0,0,1,0,1,1,255,1,0,1,0.5,0,0,0,0,-1
0,2,19,5,8,0,0,0,0,0,0,0,0,0,0,0,0,0,0,0,0,0,1,47,0,0,0,0,1,0,1,1,255,1,0,1,0.5,0,0,0,0,-1
0,1,1,2,0,0,0,0,0,0,0,0,0,0,0,0,0,0,0,0,0,0,1,1,0,0,1,1,1,0,0,63,2,0.02,1,0.02,1,0,0,0.92,1,-1
0,2,19,5,8,0,0,0,0,0,0,0,0,0,0,0,0,0,0,0,0,0,1,2,0,0,0,0,1,0,1,1,255,1,0,1,0.5,0,0,0,0,-1
0,1,1,2,0,0,0,0,0,0,0,0,0,0,0,0,0,0,0,0,0,0,108,1,0,0,1,1,0.01,0.56,0,255,1,0,0.24,0.42,0,0,0,0.53,1,1
0,1,23,1,0,0,0,0,0,0,0,0,0,0,0,0,0,0,0,0,0,0,1,1,0,0,1,1,1,0,0,255,1,0,1,1,0,0,0,1,1,1
0,2,19,5,18,0,0,0,0,0,0,0,0,0,0,0,0,0,0,0,0,0,1,1,0,0,0,0,1,0,0,1,223,1,0,1,1,0,0,0,0,-1
0,1,1,1,0,0,0,0,0,0,0,0,0,0,0,0,0,0,0,0,0,0,1,1,0,0,1,1,1,0,0,255,1,0,0.62,1,0,0,0,1,1,1
0,1,1,1,0,0,0,0,0,0,0,0,0,0,0,0,0,0,0,0,0,0,1,1,0,0,1,1,1,0,0,255,1,0,1,1,0,0,0,1,1,1
0,2,19,5,8,0,0,0,0,0,0,0,0,0,0,0,0,0,0,0,0,0,1,19,0,0,0,0,1,0,1,1,255,1,0,1,0.5,0,0,0,0,-1
0,2,19,5,8,0,0,0,0,0,0,0,0,0,0,0,0,0,0,0,0,0,1,3,0,0,0,0,1,0,1,1,255,1,0,1,0.5,0,0,0,0,-1
0,1,1,1,0,0,0,0,0,0,0,0,0,0,0,0,0,0,0,0,0,0,1,1,0,0,1,1,1,0,0,255,1,0,0.5,1,0,0,0,1,1,1
0,1,1,1,0,0,0,0,0,0,0,0,0,0,0,0,0,0,0,0,0,0,1,1,0,0,1,1,1,0,0,255,1,0,0.62,1,0,0,0,1,1,1
0,2,19,5,18,0,0,0,0,0,0,0,0,0,0,0,0,0,0,0,0,0,1,1,0,0,0,0,1,0,0,1,255,1,0,1,1,0,0,0,0,-1
13348,1,23,1,1,0,0,0,0,0,0,0,0,0,0,0,0,0,0,0,0,0,2,2,0,0,1,1,1,0,0,255,2,0.01,0.68,1,0,0,0,1,1,1
0,2,19,5,8,0,0,0,0,0,0,0,0,0,0,0,0,0,0,0,0,0,1,48,0,0,0,0,1,0,1,1,255,1,0,1,0.5,0,0,0,0,-1
0,1,1,2,0,0,0,0,0,0,0,0,0,0,0,0,0,0,0,0,0,0,2,1,0,0,1,1,0.5,1,0,255,1,0,1,1,0,0,0,1,1,1
0,1,1,1,0,0,0,0,0,0,0,0,0,0,0,0,0,0,0,0,0,0,1,1,0,0,1,1,1,0,0,255,1,0,0.79,0.79,0,0,0,0.79,1,1
0,2,19,5,8,0,0,0,0,0,0,0,0,0,0,0,0,0,0,0,0,0,1,1,0,0,0,0,1,0,0,2,26,1,0,1,0.5,0,0,0,0,-1
0,1,23,1,0,0,0,0,0,0,0,0,0,0,0,0,0,0,0,0,0,0,1,1,0,0,1,1,1,0,0,255,1,0,1,1,0,0,0,1,1,1
0,2,19,5,18,0,0,0,0,0,0,0,0,0,0,0,0,0,0,0,0,0,1,1,0,0,0,0,1,0,0,1,254,1,0,1,1,0,0,0,0,-1
0,2,19,5,18,0,0,0,0,0,0,0,0,0,0,0,0,0,0,0,0,0,1,1,0,0,0,0,1,0,0,1,66,1,0,1,1,0,0,0,0,-1
1,1,1,1,0,0,0,0,0,0,0,0,0,0,0,0,0,0,0,0,0,0,310,2,0,0,1,1,0.01,0.5,0,255,2,0.01,0.5,1,0,0,0,1,1,1
0,1,1,1,0,0,0,0,0,0,0,0,0,0,0,0,0,0,0,0,0,0,1,1,0,0,1,1,1,0,0,255,1,0,1,1,0,0,0,1,1,1
0,1,1,1,0,0,0,0,0,0,0,0,0,0,0,0,0,0,0,0,0,0,1,1,0,0,1,1,1,0,0,255,1,0,1,1,0,0,0,1,1,1
0,1,1,1,0,0,0,0,0,0,0,0,0,0,0,0,0,0,0,0,0,0,1,1,0,0,1,1,1,0,0,255,1,0,0.5,1,0,0,0,1,1,1
0,2,19,5,18,0,0,0,0,0,0,0,0,0,0,0,0,0,0,0,0,0,1,1,0,0,0,0,1,0,0,3,175,1,0,1,0.25,0,0,0,0,-1
0,2,19,5,18,0,0,0,0,0,0,0,0,0,0,0,0,0,0,0,0,0,1,1,0,0,0,0,1,0,0,1,32,1,0,1,1,0,0,0,0,-1
0,2,19,5,18,0,0,0,0,0,0,0,0,0,0,0,0,0,0,0,0,0,1,1,0,0,0,0,1,0,0,1,21,1,0,1,1,0,0,0,0,-1
1,1,1,3,0,0,0,0,0,0,0,0,0,0,0,0,0,0,0,0,0,0,138,2,0.04,0.5,0.96,0.5,0.01,0.57,0,255,2,0.01,0.31,0.54,0,0.02,0.5,0.52,0.5,1
3,1,1,1,0,0,0,0,0,0,0,0,0,0,0,0,0,0,0,0,0,0,325,2,0,0,1,1,0.01,0.52,0,255,2,0.01,0.52,1,0,0,0,1,1,1
0,2,19,5,18,0,0,0,0,0,0,0,0,0,0,0,0,0,0,0,0,0,1,1,0,0,0,0,1,0,0,1,113,1,0,1,1,0,0,0,0,-1
0,1,1,2,0,0,0,0,0,0,0,0,0,0,0,0,0,0,0,0,0,0,1,1,0,0,1,1,1,0,0,40,2,0.03,1,0.03,1,0,0,0.9,1,-1
0,2,19,5,8,0,0,0,0,0,0,0,0,0,0,0,0,0,0,0,0,0,1,17,0,0,0,0,1,0,1,2,56,1,0,1,0.5,0,0,0,0,-1
0,1,1,2,0,0,0,0,0,0,0,0,0,0,0,0,0,0,0,0,0,0,2,1,0,0,1,1,0.5,1,0,255,1,0,1,1,0,0,0,1,1,1
0,2,19,5,8,0,0,0,0,0,0,0,0,0,0,0,0,0,0,0,0,0,1,43,0,0,0,0,1,0,1,1,255,1,0,1,0.5,0,0,0,0,-1
0,2,19,5,8,0,0,0,0,0,0,0,0,0,0,0,0,0,0,0,0,0,1,52,0,0,0,0,1,0,1,1,255,1,0,1,0.5,0,0,0,0,-1
0,1,1,1,0,0,0,0,0,0,0,0,0,0,0,0,0,0,0,0,0,0,1,1,0,0,1,1,1,0,0,255,1,0,1,1,0,0,0,1,1,1
0,2,19,5,8,0,0,0,0,0,0,0,0,0,0,0,0,0,0,0,0,0,1,17,0,0,0,0,1,0,1,1,47,1,0,1,0.51,0,0,0,0,-1
0,1,23,1,0,0,0,0,0,0,0,0,0,0,0,0,0,0,0,0,0,0,1,1,0,0,1,1,1,0,0,255,1,0,1,1,0,0,0,1,1,1
0,2,19,5,18,0,0,0,0,0,0,0,0,0,0,0,0,0,0,0,0,0,1,1,0,0,0,0,1,0,0,1,14,1,0,1,1,0,0,0,0,-1
0,1,1,1,0,0,0,0,0,0,0,0,0,0,0,0,0,0,0,0,0,0,1,1,0,0,1,1,1,0,0,255,1,0,1,1,0,0,0,0.99,1,1
6,1,12,6,0,15,0,0,0,0,0,1,0,0,0,0,0,0,0,0,0,0,1,1,0,0,1,1,1,0,0,3,2,0.33,1,0.33,1,0,0,1,1,-1
0,2,19,5,8,0,0,0,0,0,0,0,0,0,0,0,0,0,0,0,0,0,1,19,0,0,0,0,1,0,1,2,54,1,0,1,0.5,0,0,0,0,-1
0,2,19,5,18,0,0,0,0,0,0,0,0,0,0,0,0,0,0,0,0,0,1,1,0,0,0,0,1,0,0,1,93,1,0,1,1,0,0,0,0,-1
0,1,1,2,0,0,0,0,0,0,0,0,0,0,0,0,0,0,0,0,0,0,1,1,0,0,1,1,1,0,0,48,2,0.02,1,0.02,1,0,0,0.94,1,-1
0,1,1,2,0,0,0,0,0,0,0,0,0,0,0,0,0,0,0,0,0,0,2,1,0,0,1,1,0.5,1,0,255,1,0,0.44,0.38,0,0.15,0,0.39,1,1
0,1,25,1,0,0,0,0,0,0,0,0,0,0,0,0,0,0,0,0,0,0,1,1,0,0,1,1,1,0,0,193,1,0.01,0.49,0.49,0,0,0,0.49,1,1
0,1,1,1,0,0,0,0,0,0,0,0,0,0,0,0,0,0,0,0,0,0,1,1,0,0,1,1,1,0,0,255,1,0,0.92,0.92,0,0,0,0.92,1,1
0,1,1,1,0,0,0,0,0,0,0,0,0,0,0,0,0,0,0,0,0,0,1,1,0,0,1,1,1,0,0,255,1,0,0.69,1,0,0,0,1,1,1
0,1,1,2,0,0,0,0,0,0,0,0,0,0,0,0,0,0,0,0,0,0,38,1,0,0,1,1,0.03,0.55,0,208,1,0,0.11,0.18,0,0.01,0,0.42,1,1
0,1,23,1,0,0,0,0,0,0,0,0,0,0,0,0,0,0,0,0,0,0,1,1,0,0,1,1,1,0,0,255,1,0,1,1,0,0,0,1,1,1
0,1,7,6,0,0,0,0,0,0,0,0,0,0,0,0,0,0,0,0,0,0,2,1,0,0,1,1,0.5,1,0,255,1,0,0.18,0.11,0,0.42,0,0.11,1,1
0,2,19,5,18,0,0,0,0,0,0,0,0,0,0,0,0,0,0,0,0,0,1,1,0,0,0,0,1,0,0,1,48,1,0,1,1,0,0,0,0,-1
13678,1,23,1,1,0,0,0,0,0,0,0,0,0,0,0,0,0,0,0,0,0,2,2,0,0,1,1,1,0,0,255,2,0.01,0.68,1,0,0,0,1,1,1
0,2,19,5,8,0,0,0,0,0,0,0,0,0,0,0,0,0,0,0,0,0,1,2,0,0,0,0,1,0,1,1,255,1,0,1,0.5,0,0,0,0,-1
0,2,19,5,18,0,0,0,0,0,0,0,0,0,0,0,0,0,0,0,0,0,1,1,0,0,0,0,1,0,0,1,65,1,0,1,1,0,0,0,0,-1
0,1,1,2,0,0,0,0,0,0,0,0,0,0,0,0,0,0,0,0,0,0,1,1,0,0,1,1,1,0,0,49,1,0.02,1,0.02,0,0,0,0.96,1,-1
0,2,19,5,18,0,0,0,0,0,0,0,0,0,0,0,0,0,0,0,0,0,1,1,0,0,0,0,1,0,0,1,254,1,0,1,1,0,0,0,0,-1
0,1,1,1,0,0,0,0,0,0,0,0,0,0,0,0,0,0,0,0,0,0,1,1,0,0,1,1,1,0,0,103,1,0.01,0.09,0.05,0,0,0,0.04,1,1
0,2,19,5,8,0,0,0,0,0,0,0,0,0,0,0,0,0,0,0,0,0,1,42,0,0,0,0,1,0,1,1,255,1,0,1,0.5,0,0,0,0,-1
0,2,19,5,8,0,0,0,0,0,0,0,0,0,0,0,0,0,0,0,0,0,1,39,0,0,0,0,1,0,1,1,129,1,0,1,0.51,0,0,0,0,-1
0,2,19,5,8,0,0,0,0,0,0,0,0,0,0,0,0,0,0,0,0,0,1,15,0,0,0,0,1,0,1,1,255,1,0,1,0.5,0,0,0,0,-1
0,2,19,5,8,0,0,0,0,0,0,0,0,0,0,0,0,0,0,0,0,0,1,2,0,0,0,0,1,0,1,1,255,1,0,1,0.5,0,0,0,0,-1
0,2,19,5,8,0,0,0,0,0,0,0,0,0,0,0,0,0,0,0,0,0,1,45,0,0,0,0,1,0,1,1,255,1,0,1,0.5,0,0,0,0,-1
0,2,19,5,18,0,0,0,0,0,0,0,0,0,0,0,0,0,0,0,0,0,1,1,0,0,0,0,1,0,0,1,254,1,0,1,1,0,0,0,0,-1
0,2,19,5,8,0,0,0,0,0,0,0,0,0,0,0,0,0,0,0,0,0,1,30,0,0,0,0,1,0,1,1,79,1,0,1,0.51,0,0,0,0,-1
0,1,1,1,0,0,0,0,0,0,0,0,0,0,0,0,0,0,0,0,0,0,1,1,0,0,1,1,1,0,0,255,1,0,0.95,0.95,0,0,0,0.95,1,1
0,2,19,5,8,0,0,0,0,0,0,0,0,0,0,0,0,0,0,0,0,0,1,44,0,0,0,0,1,0,1,1,255,1,0,1,0.5,0,0,0,0,-1
0,1,23,1,0,0,0,0,0,0,0,0,0,0,0,0,0,0,0,0,0,0,1,1,0,0,1,1,1,0,0,255,1,0,0.66,1,0,0,0,1,1,1
0,1,1,1,0,0,0,0,0,0,0,0,0,0,0,0,0,0,0,0,0,0,1,1,0,0,1,1,1,0,0,219,1,0,0.23,0.45,0,0,0,0.45,1,1
0,1,23,1,0,0,0,0,0,0,0,0,0,0,0,0,0,0,0,0,0,0,1,1,0,0,1,1,1,0,0,255,1,0,1,1,0,0,0,1,1,1
0,2,19,5,8,0,0,0,0,0,0,0,0,0,0,0,0,0,0,0,0,0,1,20,0,0,0,0,1,0,1,1,255,1,0,1,0.5,0,0,0,0,-1
0,1,1,4,0,0,0,0,0,0,0,0,0,0,0,0,0,0,0,0,0,0,47,2,0.81,1,0.19,0,0.04,0.4,0,255,2,0.01,0.08,0.18,0,0.15,1,0.04,0,1
0,1,1,1,0,0,0,0,0,0,0,0,0,0,0,0,0,0,0,0,0,0,1,1,0,0,1,1,1,0,0,229,1,0,0.24,0.48,0,0,0,0.48,1,1
0,1,1,2,0,0,0,0,0,0,0,0,0,0,0,0,0,0,0,0,0,0,1,1,0,0,1,1,1,0,0,26,2,0.04,1,0.04,1,0,0,0.92,1,-1
0,1,1,1,0,0,0,0,0,0,0,0,0,0,0,0,0,0,0,0,0,0,1,1,0,0,1,1,1,0,0,134,1,0.01,0.64,0.64,0,0.04,0,0.63,1,1
4,1,11,1,0,0,0,0,0,0,0,0,0,0,0,0,0,0,0,0,0,0,175,2,0,0,1,1,0.01,0.53,0,255,63,0.25,0.36,0.69,0,0,0,0.93,1,1
0,1,1,2,0,0,0,0,0,0,0,0,0,0,0,0,0,0,0,0,0,0,1,1,0,0,1,1,1,0,0,255,1,0,1,1,0,0,0,1,1,1
0,2,19,5,8,0,0,0,0,0,0,0,0,0,0,0,0,0,0,0,0,0,1,30,0,0,0,0,1,0,1,1,255,1,0,1,0.5,0,0,0,0,-1
0,1,1,2,0,0,0,0,0,0,0,0,0,0,0,0,0,0,0,0,0,0,1,1,0,0,1,1,1,0,0,255,1,0,1,1,0,0,0,1,1,1
0,2,19,5,18,0,0,0,0,0,0,0,0,0,0,0,0,0,0,0,0,0,1,1,0,0,0,0,1,0,0,2,118,1,0,1,0.25,0,0,0,0,-1
0,2,19,5,8,0,0,0,0,0,0,0,0,0,0,0,0,0,0,0,0,0,1,36,0,0,0,0,1,0,1,1,255,1,0,1,0.5,0,0,0,0,-1
0,1,23,1,0,0,0,0,0,0,0,0,0,0,0,0,0,0,0,0,0,0,1,1,0,0,1,1,1,0,0,255,1,0,0.73,1,0,0,0,1,1,1
0,1,1,4,0,0,0,0,0,0,0,0,0,0,0,0,0,0,0,0,0,0,227,1,0.63,1,0.37,0,0,0.42,0,255,1,0,0.38,0.89,0,0.56,1,0.33,0,1
0,2,19,5,18,0,0,0,0,0,0,0,0,0,0,0,0,0,0,0,0,0,1,2,0,0,0,0,1,0,1,4,43,1,0,1,0.26,0,0,0,0,-1
0,1,1,1,0,0,0,0,0,0,0,0,0,0,0,0,0,0,0,0,0,0,1,1,0,0,1,1,1,0,0,255,1,0,1,1,0,0,0,0.99,1,1
0,1,1,2,0,0,0,0,0,0,0,0,0,0,0,0,0,0,0,0,0,0,1,1,0,0,1,1,1,0,0,64,1,0.02,1,0.02,0,0,0,0.91,1,-1
0,1,27,2,0,0,0,0,0,0,0,0,0,0,0,0,0,0,0,0,0,0,2,1,0,0,1,1,0.5,1,0,255,1,0,1,1,0,0,0,1,1,1
0,2,19,5,18,0,0,0,0,0,0,0,0,0,0,0,0,0,0,0,0,0,1,1,0,0,0,0,1,0,0,1,38,1,0,1,1,0,0,0,0,-1
0,1,23,1,0,0,0,0,0,0,0,0,0,0,0,0,0,0,0,0,0,0,1,1,0,0,1,1,1,0,0,255,1,0,1,1,0,0,0,1,1,1
0,2,19,5,18,0,0,0,0,0,0,0,0,0,0,0,0,0,0,0,0,0,1,1,0,0,0,0,1,0,0,1,254,1,0,1,1,0,0,0,0,-1
0,1,1,1,0,0,0,0,0,0,0,0,0,0,0,0,0,0,0,0,0,0,1,1,0,0,1,1,1,0,0,255,1,0,1,1,0,0,0,1,1,1
0,2,19,5,8,0,0,0,0,0,0,0,0,0,0,0,0,0,0,0,0,0,1,25,0,0,0,0,1,0,1,1,255,1,0,1,0.5,0,0,0,0,-1
0,2,19,5,8,0,0,0,0,0,0,0,0,0,0,0,0,0,0,0,0,0,1,29,0,0,0,0,1,0,1,1,255,1,0,1,0.5,0,0,0,0,-1
1,1,1,1,0,0,0,0,0,0,0,0,0,0,0,0,0,0,0,0,0,0,300,2,0,0,1,1,0.01,0.5,0,255,2,0.01,0.5,1,0,0,0,1,1,1
2,1,1,1,0,0,0,0,0,0,0,0,0,0,0,0,0,0,0,0,0,0,365,2,0,0,1,1,0.01,0.52,0,255,2,0.01,0.52,1,0,0,0,1,1,1
0,1,1,2,0,0,0,0,0,0,0,0,0,0,0,0,0,0,0,0,0,0,2,1,0,0,1,1,0.5,1,0,255,1,0,1,1,0,0,0,1,1,1
0,1,1,2,0,0,0,0,0,0,0,0,0,0,0,0,0,0,0,0,0,0,2,1,0,0,1,1,0.5,1,0,255,1,0,0.78,0.77,0,0,0,0.77,1,1
0,2,19,5,8,0,0,0,0,0,0,0,0,0,0,0,0,0,0,0,0,0,1,22,0,0,0,0,1,0,1,1,63,1,0,1,0.52,0,0,0,0,-1
1,1,1,1,0,0,0,0,0,0,0,0,0,0,0,0,0,0,0,0,0,0,88,2,0,0,1,1,0.02,0.53,0,255,2,0.01,0.19,0.35,0,0,0,0.53,1,1
0,2,19,5,8,0,0,0,0,0,0,0,0,0,0,0,0,0,0,0,0,0,1,46,0,0,0,0,1,0,1,2,255,1,0,1,0.5,0,0,0,0,-1
0,1,1,2,0,0,0,0,0,0,0,0,0,0,0,0,0,0,0,0,0,0,1,1,0,0,1,1,1,0,0,37,2,0.03,1,0.03,1,0,0,0.92,1,-1
0,2,19,5,8,0,0,0,0,0,0,0,0,0,0,0,0,0,0,0,0,0,1,47,0,0,0,0,1,0,1,1,17,1,0,1,0.53,0,0,0,0,-1
0,1,1,1,0,0,0,0,0,0,0,0,0,0,0,0,0,0,0,0,0,0,1,1,0,0,1,1,1,0,0,255,1,0,0.67,1,0,0,0,1,1,1
0,2,19,5,18,0,0,0,0,0,0,0,0,0,0,0,0,0,0,0,0,0,1,1,0,0,0,0,1,0,0,1,29,1,0,1,1,0,0,0,0,-1
0,1,1,2,0,0,0,0,0,0,0,0,0,0,0,0,0,0,0,0,0,0,2,1,0,0,1,1,0.5,1,0,255,1,0,1,1,0,0,0,1,1,1
0,2,19,5,8,0,0,0,0,0,0,0,0,0,0,0,0,0,0,0,0,0,1,22,0,0,0,0,1,0,1,1,255,1,0,1,0.5,0,0,0,0,-1
0,2,19,5,8,0,0,0,0,0,0,0,0,0,0,0,0,0,0,0,0,0,1,50,0,0,0,0,1,0,1,1,255,1,0,1,0.5,0,0,0,0,-1
0,2,19,5,8,0,0,0,0,0,0,0,0,0,0,0,0,0,0,0,0,0,1,10,0,0,0,0,1,0,1,1,255,1,0,1,0.5,0,0,0,0,-1
0,1,1,1,0,0,0,0,0,0,0,0,0,0,0,0,0,0,0,0,0,0,1,1,0,0,1,1,1,0,0,255,1,0,1,1,0,0,0,1,1,1
0,2,19,5,18,0,0,0,0,0,0,0,0,0,0,0,0,0,0,0,0,0,1,1,0,0,0,0,1,0,0,1,33,1,0,1,1,0,0,0,0,-1
0,2,19,5,8,0,0,0,0,0,0,0,0,0,0,0,0,0,0,0,0,0,1,43,0,0,0,0,1,0,1,1,95,1,0,1,0.51,0,0,0,0,-1
0,2,19,5,8,0,0,0,0,0,0,0,0,0,0,0,0,0,0,0,0,0,1,23,0,0,0,0,1,0,1,1,255,1,0,1,0.5,0,0,0,0,-1
0,2,19,5,8,0,0,0,0,0,0,0,0,0,0,0,0,0,0,0,0,0,1,39,0,0,0,0,1,0,1,1,255,1,0,1,0.5,0,0,0,0,-1
0,2,19,5,8,0,0,0,0,0,0,0,0,0,0,0,0,0,0,0,0,0,1,33,0,0,0,0,1,0,1,1,255,1,0,1,0.5,0,0,0,0,-1
0,2,19,5,8,0,0,0,0,0,0,0,0,0,0,0,0,0,0,0,0,0,1,52,0,0,0,0,1,0,1,1,255,1,0,1,0.5,0,0,0,0,-1
0,1,1,1,0,0,0,0,0,0,0,0,0,0,0,0,0,0,0,0,0,0,1,1,0,0,1,1,1,0,0,255,1,0,0.74,1,0,0,0,1,1,1
0,2,19,5,8,0,0,0,0,0,0,0,0,0,0,0,0,0,0,0,0,0,1,3,0,0,0,0,1,0,1,2,172,1,0,1,0.5,0,0,0,0,-1
0,1,1,1,0,0,0,0,0,0,0,0,0,0,0,0,0,0,0,0,0,0,1,1,0,0,1,1,1,0,0,255,1,0,1,1,0,0,0,1,1,1
0,1,7,1,0,0,0,0,0,0,0,0,0,0,0,0,0,0,0,0,0,0,1,1,0,0,1,1,1,0,0,255,1,0,0.1,0.08,0,0,0,0.08,1,1
0,2,19,5,18,0,0,0,0,0,0,0,0,0,0,0,0,0,0,0,0,0,1,1,0,0,0,0,1,0,0,1,58,1,0,1,1,0,0,0,0,-1
0,2,19,5,8,0,0,0,0,0,0,0,0,0,0,0,0,0,0,0,0,0,1,3,0,0,0,0,1,0,1,1,255,1,0,1,0.5,0,0,0,0,-1
0,1,23,1,0,0,0,0,0,0,0,0,0,0,0,0,0,0,0,0,0,0,1,1,0,0,1,1,1,0,0,255,1,0,1,1,0,0,0,1,1,1
0,1,1,2,0,0,0,0,0,0,0,0,0,0,0,0,0,0,0,0,0,0,1,1,0,0,1,1,1,0,0,59,1,0.02,1,0.02,0,0,0,0.95,1,-1
0,1,1,2,0,0,0,0,0,0,0,0,0,0,0,0,0,0,0,0,0,0,2,1,0,0,1,1,0.5,1,0,255,1,0,1,1,0,0,0,1,1,1
0,2,19,5,18,0,0,0,0,0,0,0,0,0,0,0,0,0,0,0,0,0,1,1,0,0,0,0,1,0,0,1,254,1,0,1,1,0,0,0,0,-1
0,1,1,2,0,0,0,0,0,0,0,0,0,0,0,0,0,0,0,0,0,0,2,1,0,0,1,1,0.5,1,0,255,1,0,1,1,0,0,0,1,1,1
0,1,1,2,0,0,0,0,0,0,0,0,0,0,0,0,0,0,0,0,0,0,2,1,0,0,1,1,0.5,1,0,255,1,0,1,1,0,0,0,1,1,1
0,1,1,2,0,0,0,0,0,0,0,0,0,0,0,0,0,0,0,0,0,0,2,1,0,0,1,1,0.5,1,0,255,1,0,1,1,0,0,0,1,1,1
0,1,1,1,0,0,0,0,0,0,0,0,0,0,0,0,0,0,0,0,0,0,1,1,0,0,1,1,1,0,0,255,1,0,1,1,0,0,0,1,1,1
0,2,19,5,18,0,0,0,0,0,0,0,0,0,0,0,0,0,0,0,0,0,1,1,0,0,0,0,1,0,0,1,48,1,0,1,1,0,0,0,0,-1
0,1,1,2,0,0,0,0,0,0,0,0,0,0,0,0,0,0,0,0,0,0,2,1,0,0,1,1,0.5,1,0,255,1,0,1,1,0,0,0,1,1,1
0,1,11,2,0,0,0,0,0,0,0,0,0,0,0,0,0,0,0,0,0,0,2,1,0,0,1,1,0.5,1,0,255,1,0,1,1,0,0,0,1,1,1
0,2,19,5,8,0,0,0,0,0,0,0,0,0,0,0,0,0,0,0,0,0,1,9,0,0,0,0,1,0,1,2,58,1,0,1,0.5,0,0,0,0,-1
0,2,19,5,18,0,0,0,0,0,0,0,0,0,0,0,0,0,0,0,0,0,1,1,0,0,0,0,1,0,0,1,105,1,0,1,0.26,0,0,0,0,-1
0,2,19,5,8,0,0,0,0,0,0,0,0,0,0,0,0,0,0,0,0,0,1,14,0,0,0,0,1,0,1,1,7,1,0,1,0.57,0,0,0,0,-1
0,2,19,5,8,0,0,0,0,0,0,0,0,0,0,0,0,0,0,0,0,0,1,5,0,0,0,0,1,0,1,1,62,1,0,1,0.52,0,0,0,0,-1
0,1,1,2,0,0,0,0,0,0,0,0,0,0,0,0,0,0,0,0,0,0,330,1,0,0,1,1,0,0.51,0,255,1,0,0.51,1,0,0,0,1,1,1
0,2,19,5,18,0,0,0,0,0,0,0,0,0,0,0,0,0,0,0,0,0,1,1,0,0,0,0,1,0,0,2,198,1,0,1,0.25,0,0,0,0,-1
0,1,31,1,0,0,0,0,0,0,0,0,0,0,0,0,0,0,0,0,0,0,1,1,0,0,1,1,1,0,0,154,1,0.01,0.69,0.69,0,0.04,0,0.64,1,1
21334,1,1,1,1,0,0,0,0,0,0,0,0,0,0,0,0,0,0,0,0,0,2,2,0,0,1,1,1,0,0,255,2,0.01,0.67,1,0,0,0,1,1,1
0,1,1,1,0,0,0,0,0,0,0,0,0,0,0,0,0,0,0,0,0,0,1,1,0,0,1,1,1,0,0,255,1,0,1,1,0,0,0,1,1,1
0,1,1,2,0,0,0,0,0,0,0,0,0,0,0,0,0,0,0,0,0,0,1,1,0,0,1,1,1,0,0,70,2,0.01,1,0.01,1,0,0,0.91,1,-1
0,2,19,5,8,0,0,0,0,0,0,0,0,0,0,0,0,0,0,0,0,0,1,21,0,0,0,0,1,0,1,1,17,1,0,1,0.53,0,0,0,0,-1
0,2,19,5,8,0,0,0,0,0,0,0,0,0,0,0,0,0,0,0,0,0,1,29,0,0,0,0,1,0,1,1,255,1,0,1,0.5,0,0,0,0,-1
0,2,19,5,8,0,0,0,0,0,0,0,0,0,0,0,0,0,0,0,0,0,1,42,0,0,0,0,1,0,1,2,92,1,0,1,0.5,0,0,0,0,-1
0,2,19,5,8,0,0,0,0,0,0,0,0,0,0,0,0,0,0,0,0,0,1,29,0,0,0,0,1,0,1,1,65,1,0,1,0.51,0,0,0,0,-1
4,1,1,1,0,0,0,0,0,0,0,0,0,0,0,0,0,0,0,0,0,0,65,2,0,0,1,1,0.03,0.54,0,255,2,0.01,0.15,0.25,0,0,0,0.85,1,1
0,1,1,1,0,0,0,0,0,0,0,0,0,0,0,0,0,0,0,0,0,0,1,1,0,0,1,1,1,0,0,255,1,0,0.71,1,0,0,0,1,1,1
13998,1,23,1,1,0,0,0,0,0,0,0,0,0,0,0,0,0,0,0,0,0,2,2,0,0,1,1,1,0,0,255,2,0.01,0.68,1,0,0,0,1,1,1
0,2,19,5,8,0,0,0,0,0,0,0,0,0,0,0,0,0,0,0,0,0,1,13,0,0,0,0,1,0,1,1,255,1,0,1,0.5,0,0,0,0,-1
0,1,1,2,0,0,0,0,0,0,0,0,0,0,0,0,0,0,0,0,0,0,2,1,0,0,1,1,0.5,1,0,255,1,0,0.64,0.62,0,0,0,0.62,1,1
0,2,19,5,8,0,0,0,0,0,0,0,0,0,0,0,0,0,0,0,0,0,1,28,0,0,0,0,1,0,1,2,255,1,0,1,0.5,0,0,0,0,-1
0,1,1,1,0,0,0,0,0,0,0,0,0,0,0,0,0,0,0,0,0,0,1,1,0,0,1,1,1,0,0,255,1,0,0.88,0.88,0,0,0,0.88,1,1
0,1,1,1,0,0,0,0,0,0,0,0,0,0,0,0,0,0,0,0,0,0,1,1,0,0,1,1,1,0,0,255,1,0,0.65,1,0,0,0,1,1,1
0,2,19,5,8,0,0,0,0,0,0,0,0,0,0,0,0,0,0,0,0,0,1,45,0,0,0,0,1,0,1,1,255,1,0,1,0.5,0,0,0,0,-1
0,1,1,2,0,0,0,0,0,0,0,0,0,0,0,0,0,0,0,0,0,0,2,1,0,0,1,1,0.5,1,0,255,1,0,1,1,0,0,0,1,1,1
0,1,1,1,0,0,0,0,0,0,0,0,0,0,0,0,0,0,0,0,0,0,1,1,0,0,1,1,1,0,0,255,1,0,1,1,0,0,0,1,1,1
519,1,23,1,1,0,0,0,0,0,0,0,0,0,0,0,0,0,0,0,0,0,2,2,0,0,1,1,1,0,0,255,2,0.01,0.73,1,0,0,0,1,1,1
0,2,19,5,8,0,0,0,0,0,0,0,0,0,0,0,0,0,0,0,0,0,1,43,0,0,0,0,1,0,1,1,149,1,0,1,0.5,0,0,0,0,-1
0,1,23,1,0,0,0,0,0,0,0,0,0,0,0,0,0,0,0,0,0,0,1,1,0,0,1,1,1,0,0,255,1,0,0.62,1,0,0,0,1,1,1
0,1,1,2,0,0,0,0,0,0,0,0,0,0,0,0,0,0,0,0,0,0,2,1,0,0,1,1,0.5,1,0,255,1,0,1,1,0,0,0,1,1,1
0,1,1,1,0,0,0,0,0,0,0,0,0,0,0,0,0,0,0,0,0,0,1,1,0,0,1,1,1,0,0,255,1,0,0.82,0.82,0,0,0,0.82,1,1
0,2,19,5,18,0,0,0,0,0,0,0,0,0,0,0,0,0,0,0,0,0,1,1,0,0,0,0,1,0,0,1,254,1,0,1,1,0,0,0,0,-1
0,1,22,6,0,0,0,0,0,0,0,0,0,0,0,0,0,0,0,0,0,0,1,1,0,0,1,1,1,0,0,255,1,0,1,1,0,0,0,1,1,1
0,1,1,1,0,0,0,0,0,0,0,0,0,0,0,0,0,0,0,0,0,0,1,1,0,0,1,1,1,0,0,255,1,0,1,1,0,0,0,1,1,1
0,1,30,2,0,0,0,0,0,0,0,0,0,0,0,0,0,0,0,0,0,0,305,1,0,0,1,1,0,0.52,0,255,1,0,0.52,1,0,0,0,1,1,1
0,2,19,5,8,0,0,0,0,0,0,0,0,0,0,0,0,0,0,0,0,0,1,21,0,0,0,0,1,0,1,1,73,1,0,1,0.51,0,0,0,0,-1
0,2,19,5,18,0,0,0,0,0,0,0,0,0,0,0,0,0,0,0,0,0,1,1,0,0,0,0,1,0,0,1,71,1,0,1,1,0,0,0,0,-1
0,2,19,5,18,0,0,0,0,0,0,0,0,0,0,0,0,0,0,0,0,0,1,1,0,0,0,0,1,0,0,1,85,1,0,1,1,0,0,0,0,-1
0,2,19,5,8,0,0,0,0,0,0,0,0,0,0,0,0,0,0,0,0,0,1,31,0,0,0,0,1,0,1,1,255,1,0,1,0.5,0,0,0,0,-1
19,1,23,1,0,0,0,0,0,0,0,0,0,0,0,0,0,0,0,0,0,0,1,1,0,0,1,1,1,0,0,255,1,0,1,1,0,0,0,1,1,1
0,1,23,1,0,0,0,0,0,0,0,0,0,0,0,0,0,0,0,0,0,0,1,1,0,0,1,1,1,0,0,255,1,0,1,1,0,0,0,0.99,1,1
31061,1,1,1,1,0,0,0,0,0,0,0,0,0,0,0,0,0,0,0,0,0,2,2,0,0,1,1,1,0,0,255,2,0.01,0.78,1,0,0,0,1,1,1
0,2,19,5,18,0,0,0,0,0,0,0,0,0,0,0,0,0,0,0,0,0,1,1,0,0,0,0,1,0,0,1,5,1,0,1,1,0,0,0,0,-1
0,1,23,1,0,0,0,0,0,0,0,0,0,0,0,0,0,0,0,0,0,0,1,1,0,0,1,1,1,0,0,255,1,0,0.62,1,0,0,0,1,1,1
0,1,23,1,0,0,0,0,0,0,0,0,0,0,0,0,0,0,0,0,0,0,1,1,0,0,1,1,1,0,0,255,1,0,0.65,1,0,0,0,1,1,1
0,2,19,5,8,0,0,0,0,0,0,0,0,0,0,0,0,0,0,0,0,0,1,22,0,0,0,0,1,0,1,1,255,1,0,1,0.5,0,0,0,0,-1
0,2,19,5,8,0,0,0,0,0,0,0,0,0,0,0,0,0,0,0,0,0,1,22,0,0,0,0,1,0,1,2,64,1,0,1,0.5,0,0,0,0,-1
0,1,23,1,0,0,0,0,0,0,0,0,0,0,0,0,0,0,0,0,0,0,1,1,0,0,1,1,1,0,0,255,1,0,0.74,1,0,0,0,1,1,1
0,1,1,2,0,0,0,0,0,0,0,0,0,0,0,0,0,0,0,0,0,0,1,1,0,0,1,1,1,0,0,67,2,0.01,1,0.01,1,0,0,0.93,1,-1
0,1,1,1,0,0,0,0,0,0,0,0,0,0,0,0,0,0,0,0,0,0,1,1,0,0,1,1,1,0,0,255,1,0,1,1,0,0,0,1,1,1
0,2,19,5,18,0,0,0,0,0,0,0,0,0,0,0,0,0,0,0,0,0,1,1,0,0,0,0,1,0,0,1,108,1,0,1,1,0,0,0,0,-1
0,2,19,5,8,0,0,0,0,0,0,0,0,0,0,0,0,0,0,0,0,0,1,2,0,0,0,0,1,0,1,2,255,1,0,1,0.5,0,0,0,0,-1
0,2,19,5,8,0,0,0,0,0,0,0,0,0,0,0,0,0,0,0,0,0,1,47,0,0,0,0,1,0,1,1,255,1,0,1,0.5,0,0,0,0,-1
0,1,23,1,0,0,0,0,0,0,0,0,0,0,0,0,0,0,0,0,0,0,1,1,0,0,1,1,1,0,0,255,1,0,0.69,1,0,0,0,1,1,1
0,1,18,4,0,0,0,0,0,0,0,0,0,0,0,0,0,0,0,0,0,0,217,1,0.64,1,0.36,0,0,0.42,0,255,1,0,0.36,0.85,0,0.55,1,0.31,0,1
831,1,23,1,1,0,0,0,0,0,0,0,0,0,0,0,0,0,0,0,0,0,2,2,0,0,1,1,1,0,0,255,2,0.01,0.73,1,0,0,0,1,1,1
0,2,19,5,8,0,0,0,0,0,0,0,0,0,0,0,0,0,0,0,0,0,1,40,0,0,0,0,1,0,1,1,255,1,0,1,0.5,0,0,0,0,-1
0,1,23,1,0,0,0,0,0,0,0,0,0,0,0,0,0,0,0,0,0,0,1,1,0,0,1,1,1,0,0,255,1,0,0.62,1,0,0,0,1,1,1
0,1,1,1,0,0,0,0,0,0,0,0,0,0,0,0,0,0,0,0,0,0,1,1,0,0,1,1,1,0,0,255,1,0,1,1,0,0,0,1,1,1
0,2,19,5,8,0,0,0,0,0,0,0,0,0,0,0,0,0,0,0,0,0,1,11,0,0,0,0,1,0,1,1,255,1,0,1,0.5,0,0,0,0,-1
0,1,1,2,0,0,0,0,0,0,0,0,0,0,0,0,0,0,0,0,0,0,2,1,0,0,1,1,0.5,1,0,255,1,0,1,1,0,0,0,1,1,1
0,1,1,1,0,0,0,0,0,0,0,0,0,0,0,0,0,0,0,0,0,0,1,1,0,0,1,1,1,0,0,255,1,0,1,1,0,0,0,1,1,1
0,1,1,2,0,0,0,0,0,0,0,0,0,0,0,0,0,0,0,0,0,0,2,1,0,0,1,1,0.5,1,0,255,1,0,1,1,0,0,0,1,1,1
0,2,19,5,8,0,0,0,0,0,0,0,0,0,0,0,0,0,0,0,0,0,1,38,0,0,0,0,1,0,1,1,255,1,0,1,0.5,0,0,0,0,-1
0,1,23,1,0,0,0,0,0,0,0,0,0,0,0,0,0,0,0,0,0,0,1,1,0,0,1,1,1,0,0,255,1,0,1,1,0,0,0,1,1,1
0,1,1,2,0,0,0,0,0,0,0,0,0,0,0,0,0,0,0,0,0,0,2,1,0,0,1,1,0.5,1,0,255,1,0,1,1,0,0,0,1,1,1
0,1,23,1,0,0,0,0,0,0,0,0,0,0,0,0,0,0,0,0,0,0,1,1,0,0,1,1,1,0,0,255,1,0,1,1,0,0,0,1,1,1
0,1,1,2,0,0,0,0,0,0,0,0,0,0,0,0,0,0,0,0,0,0,2,1,0,0,1,1,0.5,1,0,255,1,0,1,1,0,0,0,1,1,1
0,2,19,5,8,0,0,0,0,0,0,0,0,0,0,0,0,0,0,0,0,0,1,26,0,0,0,0,1,0,1,2,255,1,0,1,0.5,0,0,0,0,-1
0,1,1,2,0,0,0,0,0,0,0,0,0,0,0,0,0,0,0,0,0,0,2,1,0,0,1,1,0.5,1,0,255,1,0,1,1,0,0,0,1,1,1
0,2,19,5,8,0,0,0,0,0,0,0,0,0,0,0,0,0,0,0,0,0,1,33,0,0,0,0,1,0,1,2,255,1,0,1,0.5,0,0,0,0,-1
7,1,23,1,0,0,0,0,0,0,0,0,0,0,0,0,0,0,0,0,0,0,1,1,0,0,1,1,1,0,0,255,1,0,1,1,0,0,0,0.99,1,1
0,2,19,5,18,0,0,0,0,0,0,0,0,0,0,0,0,0,0,0,0,0,1,1,0,0,0,0,1,0,0,1,254,1,0,1,1,0,0,0,0,-1
0,2,19,5,18,0,0,0,0,0,0,0,0,0,0,0,0,0,0,0,0,0,1,1,0,0,0,0,1,0,0,1,3,1,0,1,1,0,0,0,0,-1
0,1,1,1,0,0,0,0,0,0,0,0,0,0,0,0,0,0,0,0,0,0,1,1,0,0,1,1,1,0,0,255,1,0,1,1,0,0,0,1,1,1
0,2,19,5,18,0,0,0,0,0,0,0,0,0,0,0,0,0,0,0,0,0,1,1,0,0,0,0,1,0,0,1,255,1,0,1,1,0,0,0,0,-1
0,2,19,5,8,0,0,0,0,0,0,0,0,0,0,0,0,0,0,0,0,0,1,4,0,0,0,0,1,0,1,1,255,1,0,1,0.5,0,0,0,0,-1
0,2,19,5,18,0,0,0,0,0,0,0,0,0,0,0,0,0,0,0,0,0,1,1,0,0,0,0,1,0,0,1,21,1,0,1,1,0,0,0,0,-1
0,2,19,5,8,0,0,0,0,0,0,0,0,0,0,0,0,0,0,0,0,0,1,24,0,0,0,0,1,0,1,2,118,1,0,1,0.5,0,0,0,0,-1
0,1,1,2,0,0,0,0,0,0,0,0,0,0,0,0,0,0,0,0,0,0,2,1,0,0,1,1,0.5,1,0,255,1,0,1,1,0,0,0,1,1,1
0,1,1,4,0,0,0,0,0,0,0,0,0,0,0,0,0,0,0,0,0,0,37,2,0.81,1,0.19,0,0.05,0.41,0,255,2,0.01,0.06,0.15,0,0.12,1,0.03,0,1
0,1,23,1,0,0,0,0,0,0,0,0,0,0,0,0,0,0,0,0,0,0,1,1,0,0,1,1,1,0,0,255,1,0,1,1,0,0,0,0.99,1,1
0,1,1,1,0,0,0,0,0,0,0,0,0,0,0,0,0,0,0,0,0,0,1,1,0,0,1,1,1,0,0,124,1,0.01,0.62,0.61,0,0.05,0,0.6,1,1
0,2,19,5,18,0,0,0,0,0,0,0,0,0,0,0,0,0,0,0,0,0,1,1,0,0,0,0,1,0,0,3,115,1,0,1,0.25,0,0,0,0,-1
0,2,19,5,8,0,0,0,0,0,0,0,0,0,0,0,0,0,0,0,0,0,1,14,0,0,0,0,1,0,1,1,255,1,0,1,0.5,0,0,0,0,-1
0,2,19,5,18,0,0,0,0,0,0,0,0,0,0,0,0,0,0,0,0,0,1,1,0,0,0,0,1,0,0,1,255,1,0,1,1,0,0,0,0,-1
0,2,19,5,8,0,0,0,0,0,0,0,0,0,0,0,0,0,0,0,0,0,1,30,0,0,0,0,1,0,1,1,255,1,0,1,0.5,0,0,0,0,-1
0,1,23,1,0,0,0,0,0,0,0,0,0,0,0,0,0,0,0,0,0,0,1,1,0,0,1,1,1,0,0,255,1,0,1,1,0,0,0,1,1,1
0,1,1,1,0,0,0,0,0,0,0,0,0,0,0,0,0,0,0,0,0,0,1,1,0,0,1,1,1,0,0,255,1,0,0.51,1,0,0,0,1,1,1
0,1,23,1,0,0,0,0,0,0,0,0,0,0,0,0,0,0,0,0,0,0,1,1,0,0,1,1,1,0,0,255,1,0,0.68,1,0,0,0,1,1,1
0,1,1,2,0,0,0,0,0,0,0,0,0,0,0,0,0,0,0,0,0,0,1,1,0,0,1,1,1,0,0,71,2,0.01,1,0.01,1,0,0,0.96,1,-1
0,1,1,1,0,0,0,0,0,0,0,0,0,0,0,0,0,0,0,0,0,0,1,1,0,0,1,1,1,0,0,255,1,0,0.66,1,0,0,0,1,1,1
30835,1,34,1,1,0,0,0,0,0,0,0,0,0,0,0,0,0,0,0,0,0,2,2,0,0,1,1,1,0,0,255,2,0.01,0.75,1,0,0,0,1,1,1
0,2,19,5,8,0,0,0,0,0,0,0,0,0,0,0,0,0,0,0,0,0,1,14,0,0,0,0,1,0,1,2,30,1,0,1,0.5,0,0,0,0,-1
219,1,23,1,1,0,0,0,0,0,0,0,0,0,0,0,0,0,0,0,0,0,2,2,0,0,1,1,1,0,0,255,2,0.01,0.73,1,0,0,0,1,1,1
0,1,23,1,0,0,0,0,0,0,0,0,0,0,0,0,0,0,0,0,0,0,1,1,0,0,1,1,1,0,0,255,1,0,0.64,1,0,0,0,1,1,1
0,2,19,5,8,0,0,0,0,0,0,0,0,0,0,0,0,0,0,0,0,0,1,47,0,0,0,0,1,0,1,1,17,1,0,1,0.53,0,0,0,0,-1
0,2,19,5,8,0,0,0,0,0,0,0,0,0,0,0,0,0,0,0,0,0,1,14,0,0,0,0,1,0,1,2,255,1,0,1,0.5,0,0,0,0,-1
0,1,1,2,0,0,0,0,0,0,0,0,0,0,0,0,0,0,0,0,0,0,2,1,0,0,1,1,0.5,1,0,255,1,0,1,1,0,0,0,1,1,1
0,1,23,1,0,0,0,0,0,0,0,0,0,0,0,0,0,0,0,0,0,0,1,1,0,0,1,1,1,0,0,255,1,0,1,1,0,0,0,1,1,1
0,1,1,2,0,0,0,0,0,0,0,0,0,0,0,0,0,0,0,0,0,0,1,1,0,0,1,1,1,0,0,255,1,0,1,1,0,0,0,1,1,1
0,1,1,2,0,0,0,0,0,0,0,0,0,0,0,0,0,0,0,0,0,0,1,1,0,0,1,1,1,0,0,32,2,0.03,1,0.03,1,0,0,0.94,1,-1
0,2,19,5,8,0,0,0,0,0,0,0,0,0,0,0,0,0,0,0,0,0,1,4,0,0,0,0,1,0,1,1,89,1,0,1,0.51,0,0,0,0,-1
0,1,1,1,0,0,0,0,0,0,0,0,0,0,0,0,0,0,0,0,0,0,1,1,0,0,1,1,1,0,0,255,1,0,1,1,0,0,0,1,1,1
0,2,19,5,8,0,0,0,0,0,0,0,0,0,0,0,0,0,0,0,0,0,1,10,0,0,0,0,1,0,1,1,255,1,0,1,0.5,0,0,0,0,-1
0,2,19,5,8,0,0,0,0,0,0,0,0,0,0,0,0,0,0,0,0,0,1,3,0,0,0,0,1,0,1,1,255,1,0,1,0.5,0,0,0,0,-1
0,1,1,1,0,0,0,0,0,0,0,0,0,0,0,0,0,0,0,0,0,0,1,1,0,0,1,1,1,0,0,255,1,0,0.62,1,0,0,0,1,1,1
0,2,19,5,8,0,0,0,0,0,0,0,0,0,0,0,0,0,0,0,0,0,1,8,0,0,0,0,1,0,1,1,43,1,0,1,0.51,0,0,0,0,-1
0,2,19,5,8,0,0,0,0,0,0,0,0,0,0,0,0,0,0,0,0,0,1,11,0,0,0,0,1,0,1,1,25,1,0,1,0.52,0,0,0,0,-1
0,2,19,5,8,0,0,0,0,0,0,0,0,0,0,0,0,0,0,0,0,0,1,23,0,0,0,0,1,0,1,1,255,1,0,1,0.5,0,0,0,0,-1
0,1,1,1,0,0,0,0,0,0,0,0,0,0,0,0,0,0,0,0,0,0,1,1,0,0,1,1,1,0,0,255,1,0,1,1,0,0,0,1,1,1
0,1,23,1,0,0,0,0,0,0,0,0,0,0,0,0,0,0,0,0,0,0,1,1,0,0,1,1,1,0,0,255,1,0,0.64,1,0,0,0,1,1,1
0,2,19,5,8,0,0,0,0,0,0,0,0,0,0,0,0,0,0,0,0,0,1,47,0,0,0,0,1,0,1,1,81,1,0,1,0.51,0,0,0,0,-1
14420,1,23,1,1,0,0,0,0,0,0,0,0,0,0,0,0,0,0,0,0,0,2,2,0,0,1,1,1,0,0,255,2,0.01,0.68,1,0,0,0,1,1,1
0,1,1,1,0,0,0,0,0,0,0,0,0,0,0,0,0,0,0,0,0,0,1,1,0,0,1,1,1,0,0,255,1,0,1,1,0,0,0,0.99,1,1
0,2,19,5,18,0,0,0,0,0,0,0,0,0,0,0,0,0,0,0,0,0,1,1,0,0,0,0,1,0,0,1,42,1,0,1,1,0,0,0,0,-1
1,1,1,1,0,0,0,0,0,0,0,0,0,0,0,0,0,0,0,0,0,0,260,2,0,0,1,1,0.01,0.5,0,255,2,0.01,0.5,1,0,0,0,1,1,1
0,2,19,5,18,0,0,0,0,0,0,0,0,0,0,0,0,0,0,0,0,0,1,1,0,0,0,0,1,0,0,1,254,1,0,1,1,0,0,0,0,-1
0,1,23,1,0,0,0,0,0,0,0,0,0,0,0,0,0,0,0,0,0,0,1,1,0,0,1,1,1,0,0,255,1,0,0.72,1,0,0,0,1,1,1
0,1,1,1,0,0,0,0,0,0,0,0,0,0,0,0,0,0,0,0,0,0,1,1,0,0,1,1,1,0,0,255,1,0,1,1,0,0,0,0.99,1,1
0,2,19,5,18,0,0,0,0,0,0,0,0,0,0,0,0,0,0,0,0,0,1,2,0,0,0,0,1,0,1,1,38,1,0,1,1,0,0,0,0,-1
0,1,1,2,0,0,0,0,0,0,0,0,0,0,0,0,0,0,0,0,0,0,2,1,0,0,1,1,0.5,1,0,255,1,0,0.25,0.22,0,0,0,0.23,1,1
0,2,19,5,18,0,0,0,0,0,0,0,0,0,0,0,0,0,0,0,0,0,1,1,0,0,0,0,1,0,0,1,5,1,0,1,1,0,0,0,0,-1
0,2,19,5,8,0,0,0,0,0,0,0,0,0,0,0,0,0,0,0,0,0,1,31,0,0,0,0,1,0,1,1,255,1,0,1,0.5,0,0,0,0,-1
0,2,19,5,8,0,0,0,0,0,0,0,0,0,0,0,0,0,0,0,0,0,1,48,0,0,0,0,1,0,1,1,255,1,0,1,0.5,0,0,0,0,-1
0,2,19,5,8,0,0,0,0,0,0,0,0,0,0,0,0,0,0,0,0,0,1,11,0,0,0,0,1,0,1,1,255,1,0,1,0.5,0,0,0,0,-1
0,1,1,2,0,0,0,0,0,0,0,0,0,0,0,0,0,0,0,0,0,0,2,1,0,0,1,1,0.5,1,0,255,1,0,1,1,0,0,0,1,1,1
0,1,1,1,0,0,0,0,0,0,0,0,0,0,0,0,0,0,0,0,0,0,1,1,0,0,1,1,1,0,0,255,1,0,0.51,1,0,0,0,1,1,1
0,1,1,1,0,0,0,0,0,0,0,0,0,0,0,0,0,0,0,0,0,0,1,1,0,0,1,1,1,0,0,255,1,0,1,1,0,0,0,1,1,1
0,1,23,1,0,0,0,0,0,0,0,0,0,0,0,0,0,0,0,0,0,0,1,1,0,0,1,1,1,0,0,255,1,0,0.64,1,0,0,0,1,1,1
0,1,1,2,0,0,0,0,0,0,0,0,0,0,0,0,0,0,0,0,0,0,1,1,0,0,1,1,1,0,0,21,2,0.05,1,0.05,1,0,0,0.9,1,-1
0,2,19,5,18,0,0,0,0,0,0,0,0,0,0,0,0,0,0,0,0,0,1,1,0,0,0,0,1,0,0,1,4,1,0,1,1,0,0,0,0,-1
0,2,19,5,8,0,0,0,0,0,0,0,0,0,0,0,0,0,0,0,0,0,1,5,0,0,0,0,1,0,1,2,242,1,0,1,0.5,0,0,0,0,-1
0,2,19,5,18,0,0,0,0,0,0,0,0,0,0,0,0,0,0,0,0,0,1,1,0,0,0,0,1,0,0,1,16,1,0,1,1,0,0,0,0,-1
0,2,19,5,8,0,0,0,0,0,0,0,0,0,0,0,0,0,0,0,0,0,1,50,0,0,0,0,1,0,1,1,255,1,0,1,0.5,0,0,0,0,-1
0,1,1,1,0,0,0,0,0,0,0,0,0,0,0,0,0,0,0,0,0,0,1,1,0,0,1,1,1,0,0,255,1,0,0.62,1,0,0,0,1,1,1
0,1,1,1,0,0,0,0,0,0,0,0,0,0,0,0,0,0,0,0,0,0,1,1,0,0,1,1,1,0,0,255,1,0,1,1,0,0,0,0.99,1,1
0,2,19,5,8,0,0,0,0,0,0,0,0,0,0,0,0,0,0,0,0,0,1,28,0,0,0,0,1,0,1,1,77,1,0,1,0.51,0,0,0,0,-1
0,1,23,1,0,0,0,0,0,0,0,0,0,0,0,0,0,0,0,0,0,0,1,1,0,0,1,1,1,0,0,255,1,0,1,1,0,0,0,1,1,1
0,1,23,1,0,0,0,0,0,0,0,0,0,0,0,0,0,0,0,0,0,0,1,1,0,0,1,1,1,0,0,255,1,0,1,1,0,0,0,1,1,1
0,2,19,5,8,0,0,0,0,0,0,0,0,0,0,0,0,0,0,0,0,0,1,29,0,0,0,0,1,0,1,1,255,1,0,1,0.5,0,0,0,0,-1
0,2,19,5,18,0,0,0,0,0,0,0,0,0,0,0,0,0,0,0,0,0,1,1,0,0,0,0,1,0,0,1,9,1,0,1,1,0,0,0,0,-1
36204,1,1,1,1,0,0,0,0,0,0,0,0,0,0,0,0,0,0,0,0,0,2,2,0,0,1,1,1,0,0,255,2,0.01,0.5,1,0,0,0,1,1,1
0,2,19,5,8,0,0,0,0,0,0,0,0,0,0,0,0,0,0,0,0,0,1,1,0,0,0,0,1,0,0,1,255,1,0,1,0.5,0,0,0,0,-1
0,1,1,2,0,0,0,0,0,0,0,0,0,0,0,0,0,0,0,0,0,0,2,1,0,0,1,1,0.5,1,0,255,1,0,1,1,0,0,0,1,1,1
0,2,19,5,8,0,0,0,0,0,0,0,0,0,0,0,0,0,0,0,0,0,1,52,0,0,0,0,1,0,1,2,255,1,0,1,0.5,0,0,0,0,-1
0,2,19,5,18,0,0,0,0,0,0,0,0,0,0,0,0,0,0,0,0,0,1,1,0,0,0,0,1,0,0,1,52,1,0,1,1,0,0,0,0,-1
0,2,19,5,8,0,0,0,0,0,0,0,0,0,0,0,0,0,0,0,0,0,1,14,0,0,0,0,1,0,1,2,72,1,0,1,0.5,0,0,0,0,-1
0,1,15,6,0,0,0,0,0,0,0,0,0,0,0,0,0,0,0,0,0,0,1,1,0,0,1,1,1,0,0,255,1,0,1,1,0,0,0,1,1,1
0,1,1,1,0,0,0,0,0,0,0,0,0,0,0,0,0,0,0,0,0,0,1,1,0,0,1,1,1,0,0,255,1,0,1,1,0,0,0,1,1,1
0,1,23,1,0,0,0,0,0,0,0,0,0,0,0,0,0,0,0,0,0,0,1,1,0,0,1,1,1,0,0,255,1,0,1,1,0,0,0,1,1,1
0,2,19,5,8,0,0,0,0,0,0,0,0,0,0,0,0,0,0,0,0,0,1,3,0,0,0,0,1,0,1,1,255,1,0,1,0.5,0,0,0,0,-1
0,2,19,5,8,0,0,0,0,0,0,0,0,0,0,0,0,0,0,0,0,0,1,37,0,0,0,0,1,0,1,2,87,1,0,1,0.51,0,0,0,0,-1
0,1,1,1,0,0,0,0,0,0,0,0,0,0,0,0,0,0,0,0,0,0,1,1,0,0,1,1,1,0,0,255,1,0,0.5,1,0,0,0,1,1,1
40232,1,1,1,1,0,0,0,0,0,0,0,0,0,0,0,0,0,0,0,0,0,2,2,0,0,1,1,1,0,0,255,2,0.01,0.45,0.9,0,0,0,0.9,1,1
0,2,19,5,8,0,0,0,0,0,0,0,0,0,0,0,0,0,0,0,0,0,1,34,0,0,0,0,1,0,1,2,255,1,0,1,0.5,0,0,0,0,-1
0,2,19,5,8,0,0,0,0,0,0,0,0,0,0,0,0,0,0,0,0,0,1,43,0,0,0,0,1,0,1,2,61,1,0,1,0.51,0,0,0,0,-1
0,2,19,5,18,0,0,0,0,0,0,0,0,0,0,0,0,0,0,0,0,0,1,1,0,0,0,0,1,0,0,1,254,1,0,1,1,0,0,0,0,-1
0,1,23,1,0,0,0,0,0,0,0,0,0,0,0,0,0,0,0,0,0,0,1,1,0,0,1,1,1,0,0,255,1,0,0.71,1,0,0,0,1,1,1
0,1,1,1,0,0,0,0,0,0,0,0,0,0,0,0,0,0,0,0,0,0,1,1,0,0,1,1,1,0,0,255,1,0,0.32,0.32,0,0,0,0.32,1,1
0,2,19,5,8,0,0,0,0,0,0,0,0,0,0,0,0,0,0,0,0,0,1,27,0,0,0,0,1,0,1,1,255,1,0,1,0.5,0,0,0,0,-1
0,2,19,5,18,0,0,0,0,0,0,0,0,0,0,0,0,0,0,0,0,0,1,1,0,0,0,0,1,0,0,1,24,1,0,1,1,0,0,0,0,-1
0,1,1,2,0,0,0,0,0,0,0,0,0,0,0,0,0,0,0,0,0,0,1,1,0,0,1,1,1,0,0,255,1,0,1,1,0,0,0,1,1,1
31301,1,1,1,1,0,0,0,0,0,0,0,0,0,0,0,0,0,0,0,0,0,2,2,0,0,1,1,1,0,0,255,2,0.01,0.82,1,0,0,0,1,1,1
0,2,19,5,18,0,0,0,0,0,0,0,0,0,0,0,0,0,0,0,0,0,1,1,0,0,0,0,1,0,0,1,83,1,0,1,1,0,0,0,0,-1
0,1,1,2,0,0,0,0,0,0,0,0,0,0,0,0,0,0,0,0,0,0,2,1,0,0,1,1,0.5,1,0,255,1,0,1,1,0,0,0,1,1,1
0,2,19,5,8,0,0,0,0,0,0,0,0,0,0,0,0,0,0,0,0,0,1,13,0,0,0,0,1,0,1,1,237,1,0,1,0.5,0,0,0,0,-1
0,2,19,5,8,0,0,0,0,0,0,0,0,0,0,0,0,0,0,0,0,0,1,14,0,0,0,0,1,0,1,1,255,1,0,1,0.5,0,0,0,0,-1
0,2,19,5,18,0,0,0,0,0,0,0,0,0,0,0,0,0,0,0,0,0,1,1,0,0,0,0,1,0,0,1,254,1,0,1,1,0,0,0,0,-1
0,2,19,5,8,0,0,0,0,0,0,0,0,0,0,0,0,0,0,0,0,0,1,32,0,0,0,0,1,0,1,2,122,1,0,1,0.5,0,0,0,0,-1
0,2,19,5,8,0,0,0,0,0,0,0,0,0,0,0,0,0,0,0,0,0,1,45,0,0,0,0,1,0,1,1,255,1,0,1,0.5,0,0,0,0,-1
0,1,1,2,0,0,0,0,0,0,0,0,0,0,0,0,0,0,0,0,0,0,1,1,0,0,1,1,1,0,0,28,2,0.04,1,0.04,1,0,0,0.93,1,-1
0,1,23,1,0,0,0,0,0,0,0,0,0,0,0,0,0,0,0,0,0,0,1,1,0,0,1,1,1,0,0,255,1,0,0.64,1,0,0,0,1,1,1
0,1,1,1,0,0,0,0,0,0,0,0,0,0,0,0,0,0,0,0,0,0,1,1,0,0,1,1,1,0,0,255,1,0,0.62,1,0,0,0,1,1,1
0,2,19,5,8,0,0,0,0,0,0,0,0,0,0,0,0,0,0,0,0,0,1,44,0,0,0,0,1,0,1,1,79,1,0,1,0.51,0,0,0,0,-1
0,1,1,1,0,0,0,0,0,0,0,0,0,0,0,0,0,0,0,0,0,0,1,1,0,0,1,1,1,0,0,179,1,0.01,0.17,0.33,0,0,0,0.33,1,1
0,2,19,5,8,0,0,0,0,0,0,0,0,0,0,0,0,0,0,0,0,0,1,20,0,0,0,0,1,0,1,2,60,1,0,1,0.5,0,0,0,0,-1
4,1,29,1,0,0,0,0,0,0,0,0,0,0,0,0,0,0,0,0,0,0,245,2,0,0,1,1,0.01,0.53,0,255,2,0.01,0.51,0.96,0,0,0,0.99,1,1
0,1,3,1,0,0,0,0,0,0,0,0,0,0,0,0,0,0,0,0,0,0,1,1,0,0,1,1,1,0,0,169,115,0.23,0.15,0.29,0.02,0,0,0.29,0.01,1
5010,1,23,1,1,0,0,0,0,0,0,0,0,0,0,0,0,0,0,0,0,0,1,1,0,0,1,1,1,0,0,255,1,0,0.74,1,0,0,0,1,1,1
0,1,1,1,0,0,0,0,0,0,0,0,0,0,0,0,0,0,0,0,0,0,1,1,0,0,1,1,1,0,0,255,1,0,0.44,0.43,0,0,0,0.43,1,1
1,1,1,1,0,0,0,0,0,0,0,0,0,0,0,0,0,0,0,0,0,0,118,2,0,0,1,1,0.02,0.56,0,255,2,0.01,0.26,0.46,0,0,0,0.53,1,1
0,1,1,1,0,0,0,0,0,0,0,0,0,0,0,0,0,0,0,0,0,0,1,1,0,0,1,1,1,0,0,255,1,0,1,1,0,0,0,1,1,1
0,2,19,5,8,0,0,0,0,0,0,0,0,0,0,0,0,0,0,0,0,0,1,17,0,0,0,0,1,0,1,2,52,1,0,1,0.5,0,0,0,0,-1
0,2,19,5,8,0,0,0,0,0,0,0,0,0,0,0,0,0,0,0,0,0,1,46,0,0,0,0,1,0,1,1,255,1,0,1,0.5,0,0,0,0,-1
0,2,19,5,8,0,0,0,0,0,0,0,0,0,0,0,0,0,0,0,0,0,1,31,0,0,0,0,1,0,1,1,255,1,0,1,0.5,0,0,0,0,-1
0,1,1,1,0,0,0,0,0,0,0,0,0,0,0,0,0,0,0,0,0,0,1,1,0,0,1,1,1,0,0,255,1,0,1,1,0,0,0,1,1,1
36674,1,1,1,1,0,0,0,0,0,0,0,0,0,0,0,0,0,0,0,0,0,2,2,0,0,1,1,1,0,0,255,2,0.01,0.5,1,0,0,0,1,1,1
0,2,19,5,8,0,0,0,0,0,0,0,0,0,0,0,0,0,0,0,0,0,1,52,0,0,0,0,1,0,1,1,255,1,0,1,0.5,0,0,0,0,-1
0,1,1,1,0,0,0,0,0,0,0,0,0,0,0,0,0,0,0,0,0,0,1,1,0,0,1,1,1,0,0,255,1,0,1,1,0,0,0,0.99,1,1
0,1,1,1,0,0,0,0,0,0,0,0,0,0,0,0,0,0,0,0,0,0,1,1,0,0,1,1,1,0,0,213,1,0,0.54,0.54,0,0,0,0.54,1,1
0,1,1,1,0,0,0,0,0,0,0,0,0,0,0,0,0,0,0,0,0,0,1,1,0,0,1,1,1,0,0,255,1,0,1,1,0,0,0,1,1,1
0,2,19,5,8,0,0,0,0,0,0,0,0,0,0,0,0,0,0,0,0,0,1,30,0,0,0,0,1,0,1,1,255,1,0,1,0.5,0,0,0,0,-1
0,2,19,5,8,0,0,0,0,0,0,0,0,0,0,0,0,0,0,0,0,0,1,18,0,0,0,0,1,0,1,1,255,1,0,1,0.5,0,0,0,0,-1
0,1,23,1,0,0,0,0,0,0,0,0,0,0,0,0,0,0,0,0,0,0,1,1,0,0,1,1,1,0,0,255,1,0,0.62,1,0,0,0,1,1,1
0,2,19,5,8,0,0,0,0,0,0,0,0,0,0,0,0,0,0,0,0,0,1,10,0,0,0,0,1,0,1,2,148,1,0,1,0.5,0,0,0,0,-1
1,1,2,1,0,0,0,0,0,0,0,0,0,0,0,0,0,0,0,0,0,0,128,2,0,0,1,1,0.02,0.56,0,255,2,0.01,0.28,0.5,0,0,0,0.53,1,1
0,1,1,1,0,0,0,0,0,0,0,0,0,0,0,0,0,0,0,0,0,0,1,1,0,0,1,1,1,0,0,255,1,0,0.63,1,0,0,0,1,1,1
0,1,1,1,0,0,0,0,0,0,0,0,0,0,0,0,0,0,0,0,0,0,1,1,0,0,1,1,1,0,0,197,1,0.01,0.17,0.15,0,0,0,0.16,1,1
0,2,19,5,8,0,0,0,0,0,0,0,0,0,0,0,0,0,0,0,0,0,1,3,0,0,0,0,1,0,1,1,255,1,0,1,0.5,0,0,0,0,-1
0,2,19,5,8,0,0,0,0,0,0,0,0,0,0,0,0,0,0,0,0,0,1,21,0,0,0,0,1,0,1,1,255,1,0,1,0.5,0,0,0,0,-1
0,2,19,5,18,0,0,0,0,0,0,0,0,0,0,0,0,0,0,0,0,0,1,1,0,0,0,0,1,0,0,1,118,1,0,1,1,0,0,0,0,-1
0,1,1,1,0,0,0,0,0,0,0,0,0,0,0,0,0,0,0,0,0,0,1,1,0,0,1,1,1,0,0,255,1,0,1,1,0,0,0,1,1,1
0,1,23,1,0,0,0,0,0,0,0,0,0,0,0,0,0,0,0,0,0,0,1,1,0,0,1,1,1,0,0,255,1,0,1,1,0,0,0,1,1,1
0,1,23,1,0,0,0,0,0,0,0,0,0,0,0,0,0,0,0,0,0,0,1,1,0,0,1,1,1,0,0,255,1,0,0.73,1,0,0,0,1,1,1
0,2,19,5,8,0,0,0,0,0,0,0,0,0,0,0,0,0,0,0,0,0,1,10,0,0,0,0,1,0,1,2,38,1,0,1,0.5,0,0,0,0,-1
0,2,19,5,8,0,0,0,0,0,0,0,0,0,0,0,0,0,0,0,0,0,1,9,0,0,0,0,1,0,1,1,255,1,0,1,0.5,0,0,0,0,-1
0,2,19,5,8,0,0,0,0,0,0,0,0,0,0,0,0,0,0,0,0,0,1,50,0,0,0,0,1,0,1,2,132,1,0,1,0.5,0,0,0,0,-1
0,1,1,1,0,0,0,0,0,0,0,0,0,0,0,0,0,0,0,0,0,0,1,1,0,0,1,1,1,0,0,255,1,0,1,1,0,0,0,1,1,1
0,2,19,5,8,0,0,0,0,0,0,0,0,0,0,0,0,0,0,0,0,0,1,25,0,0,0,0,1,0,1,1,255,1,0,1,0.5,0,0,0,0,-1
0,2,19,5,18,0,0,0,0,0,0,0,0,0,0,0,0,0,0,0,0,0,1,1,0,0,0,0,1,0,0,1,14,1,0,1,1,0,0,0,0,-1
0,2,19,5,8,0,0,0,0,0,0,0,0,0,0,0,0,0,0,0,0,0,1,12,0,0,0,0,1,0,1,1,255,1,0,1,0.5,0,0,0,0,-1
0,1,1,1,0,0,0,0,0,0,0,0,0,0,0,0,0,0,0,0,0,0,1,1,0,0,1,1,1,0,0,255,1,0,1,1,0,0,0,1,1,1
0,1,1,1,0,0,0,0,0,0,0,0,0,0,0,0,0,0,0,0,0,0,1,1,0,0,1,1,1,0,0,255,1,0,1,1,0,0,0,1,1,1
0,1,1,2,0,0,0,0,0,0,0,0,0,0,0,0,0,0,0,0,0,0,1,1,0,0,1,1,1,0,0,57,2,0.02,1,0.02,1,0,0,0.98,1,-1
0,1,1,1,0,0,0,0,0,0,0,0,0,0,0,0,0,0,0,0,0,0,1,1,0,0,1,1,1,0,0,74,1,0.01,0.36,0.35,0,0.08,0,0.32,1,1
0,2,19,5,8,0,0,0,0,0,0,0,0,0,0,0,0,0,0,0,0,0,1,15,0,0,0,0,1,0,1,1,255,1,0,1,0.5,0,0,0,0,-1
0,1,23,1,0,0,0,0,0,0,0,0,0,0,0,0,0,0,0,0,0,0,1,1,0,0,1,1,1,0,0,255,1,0,1,1,0,0,0,1,1,1
0,1,23,1,0,0,0,0,0,0,0,0,0,0,0,0,0,0,0,0,0,0,1,1,0,0,1,1,1,0,0,255,1,0,0.62,1,0,0,0,1,1,1
0,1,23,1,0,0,0,0,0,0,0,0,0,0,0,0,0,0,0,0,0,0,1,1,0,0,1,1,1,0,0,255,1,0,1,1,0,0,0,1,1,1
0,1,23,1,0,0,0,0,0,0,0,0,0,0,0,0,0,0,0,0,0,0,1,1,0,0,1,1,1,0,0,255,1,0,0.73,1,0,0,0,1,1,1
0,2,19,5,8,0,0,0,0,0,0,0,0,0,0,0,0,0,0,0,0,0,1,5,0,0,0,0,1,0,1,1,255,1,0,1,0.5,0,0,0,0,-1
0,1,23,1,0,0,0,0,0,0,0,0,0,0,0,0,0,0,0,0,0,0,1,1,0,0,1,1,1,0,0,255,1,0,0.71,1,0,0,0,1,1,1
0,2,19,5,8,0,0,0,0,0,0,0,0,0,0,0,0,0,0,0,0,0,1,36,0,0,0,0,1,0,1,2,255,1,0,1,0.5,0,0,0,0,-1
0,2,19,5,18,0,0,0,0,0,0,0,0,0,0,0,0,0,0,0,0,0,1,1,0,0,0,0,1,0,0,4,20,1,0,1,0.25,0,0,0,0,-1
0,1,1,2,0,0,0,0,0,0,0,0,0,0,0,0,0,0,0,0,0,0,35,1,0,0,1,1,0.03,0.57,0,255,1,0,0.09,0.14,0,0,0,0.85,1,1
0,2,19,5,8,0,0,0,0,0,0,0,0,0,0,0,0,0,0,0,0,0,1,33,0,0,0,0,1,0,1,1,255,1,0,1,0.5,0,0,0,0,-1
0,2,19,5,8,0,0,0,0,0,0,0,0,0,0,0,0,0,0,0,0,0,1,6,0,0,0,0,1,0,1,2,255,1,0,1,0.5,0,0,0,0,-1
0,1,1,2,0,0,0,0,0,0,0,0,0,0,0,0,0,0,0,0,0,0,1,1,0,0,1,1,1,0,0,17,2,0.06,1,0.06,1,0,0,1,1,-1
0,2,19,5,8,0,0,0,0,0,0,0,0,0,0,0,0,0,0,0,0,0,1,42,0,0,0,0,1,0,1,2,255,1,0,1,0.5,0,0,0,0,-1
0,2,19,5,8,0,0,0,0,0,0,0,0,0,0,0,0,0,0,0,0,0,1,44,0,0,0,0,1,0,1,1,255,1,0,1,0.5,0,0,0,0,-1
0,2,19,5,18,0,0,0,0,0,0,0,0,0,0,0,0,0,0,0,0,0,1,1,0,0,0,0,1,0,0,1,254,1,0,1,1,0,0,0,0,-1
0,1,23,1,0,0,0,0,0,0,0,0,0,0,0,0,0,0,0,0,0,0,1,1,0,0,1,1,1,0,0,255,1,0,0.66,1,0,0,0,1,1,1
31501,1,1,1,1,0,0,0,0,0,0,0,0,0,0,0,0,0,0,0,0,0,2,2,0,0,1,1,1,0,0,255,2,0.01,0.82,1,0,0,0,1,1,1
30935,1,28,1,1,0,0,0,0,0,0,0,0,0,0,0,0,0,0,0,0,0,2,2,0,0,1,1,1,0,0,255,2,0.01,0.76,1,0,0,0,1,1,1
0,2,19,5,8,0,0,0,0,0,0,0,0,0,0,0,0,0,0,0,0,0,1,1,0,0,0,0,1,0,0,2,18,1,0,1,0.5,0,0,0,0,-1
0,2,19,5,18,0,0,0,0,0,0,0,0,0,0,0,0,0,0,0,0,0,1,1,0,0,0,0,1,0,0,1,78,1,0,1,1,0,0,0,0,-1
0,2,19,5,18,0,0,0,0,0,0,0,0,0,0,0,0,0,0,0,0,0,1,1,0,0,0,0,1,0,0,1,1,1,0,1,0,0,0,0,0,-1
0,1,1,1,0,0,0,0,0,0,0,0,0,0,0,0,0,0,0,0,0,0,1,1,0,0,1,1,1,0,0,255,1,0,1,1,0,0,0,1,1,1
0,2,19,5,8,0,0,0,0,0,0,0,0,0,0,0,0,0,0,0,0,0,1,31,0,0,0,0,1,0,1,1,255,1,0,1,0.5,0,0,0,0,-1
0,2,19,5,8,0,0,0,0,0,0,0,0,0,0,0,0,0,0,0,0,0,1,34,0,0,0,0,1,0,1,1,255,1,0,1,0.5,0,0,0,0,-1
0,2,19,5,8,0,0,0,0,0,0,0,0,0,0,0,0,0,0,0,0,0,1,6,0,0,0,0,1,0,1,2,255,1,0,1,0.5,0,0,0,0,-1
22921,1,1,1,1,0,0,0,0,0,0,0,0,0,0,0,0,0,0,0,0,0,2,2,0,0,1,1,1,0,0,255,2,0.01,0.73,1,0,0,0,1,1,1
0,1,1,1,0,0,0,0,0,0,0,0,0,0,0,0,0,0,0,0,0,0,1,1,0,0,1,1,1,0,0,255,1,0,1,1,0,0,0,1,1,1
0,2,19,5,8,0,0,0,0,0,0,0,0,0,0,0,0,0,0,0,0,0,1,24,0,0,0,0,1,0,1,1,117,1,0,1,0.5,0,0,0,0,-1
0,2,19,5,8,0,0,0,0,0,0,0,0,0,0,0,0,0,0,0,0,0,1,25,0,0,0,0,1,0,1,2,32,1,0,1,0.5,0,0,0,0,-1
0,1,23,1,0,0,0,0,0,0,0,0,0,0,0,0,0,0,0,0,0,0,1,1,0,0,1,1,1,0,0,255,1,0,1,1,0,0,0,1,1,1
0,1,1,2,0,0,0,0,0,0,0,0,0,0,0,0,0,0,0,0,0,0,2,1,0,0,1,1,0.5,1,0,255,1,0,0.71,0.69,0,0,0,0.69,1,1
36783,1,1,1,1,0,0,0,0,0,0,0,0,0,0,0,0,0,0,0,0,0,2,2,0,0,1,1,1,0,0,255,2,0.01,0.5,1,0,0,0,1,1,1
0,1,1,1,0,0,0,0,0,0,0,0,0,0,0,0,0,0,0,0,0,0,1,1,0,0,1,1,1,0,0,255,1,0,1,1,0,0,0,1,1,1
0,2,19,5,8,0,0,0,0,0,0,0,0,0,0,0,0,0,0,0,0,0,1,12,0,0,0,0,1,0,1,1,255,1,0,1,0.5,0,0,0,0,-1
0,2,19,5,8,0,0,0,0,0,0,0,0,0,0,0,0,0,0,0,0,0,1,44,0,0,0,0,1,0,1,2,98,1,0,1,0.5,0,0,0,0,-1
0,1,1,2,0,0,0,0,0,0,0,0,0,0,0,0,0,0,0,0,0,0,1,1,0,0,1,1,1,0,0,28,1,0.04,1,0.04,0,0,0,0.89,1,-1
0,1,1,2,0,0,0,0,0,0,0,0,0,0,0,0,0,0,0,0,0,0,1,1,0,0,1,1,1,0,0,47,2,0.02,1,0.02,1,0,0,0.98,1,-1
0,2,19,5,8,0,0,0,0,0,0,0,0,0,0,0,0,0,0,0,0,0,1,1,0,0,0,0,1,0,0,2,80,1,0,1,0.5,0,0,0,0,-1
0,2,19,5,18,0,0,0,0,0,0,0,0,0,0,0,0,0,0,0,0,0,1,1,0,0,0,0,1,0,0,1,4,1,0,1,1,0,0,0,0,-1
0,2,19,5,18,0,0,0,0,0,0,0,0,0,0,0,0,0,0,0,0,0,1,1,0,0,0,0,1,0,0,4,188,1,0,1,0.25,0,0,0,0,-1
0,1,23,1,0,0,0,0,0,0,0,0,0,0,0,0,0,0,0,0,0,0,1,1,0,0,1,1,1,0,0,255,1,0,1,1,0,0,0,1,1,1
31601,1,1,1,1,0,0,0,0,0,0,0,0,0,0,0,0,0,0,0,0,0,2,2,0,0,1,1,1,0,0,255,2,0.01,0.82,1,0,0,0,1,1,1
